forecast_date,target,target_end_date,location,location_name,type,quantile,value
2021-03-21,-1 day ahead cum death,2021-03-20,PL,Poland,observed,NA,48739
2021-03-21,-1 day ahead inc death,2021-03-20,PL,Poland,observed,NA,419
2021-03-21,-1 wk ahead cum death,2021-03-13,PL,Poland,observed,NA,46658
2021-03-21,-1 wk ahead inc death,2021-03-13,PL,Poland,observed,NA,1809
2021-03-21,0 day ahead cum death,2021-03-21,PL,Poland,observed,NA,49088
2021-03-21,0 day ahead inc death,2021-03-21,PL,Poland,observed,NA,349
2021-03-21,0 wk ahead cum death,2021-03-20,PL,Poland,observed,NA,48739
2021-03-21,0 wk ahead inc death,2021-03-20,PL,Poland,observed,NA,2081
2021-03-21,1 day ahead cum death,2021-03-22,PL,Poland,point,NA,49426
2021-03-21,1 day ahead inc death,2021-03-22,PL,Poland,point,NA,338
2021-03-21,1 wk ahead cum death,2021-03-27,PL,Poland,point,NA,51226
2021-03-21,1 wk ahead inc death,2021-03-27,PL,Poland,point,NA,2487
2021-03-21,2 day ahead cum death,2021-03-23,PL,Poland,point,NA,49770
2021-03-21,2 day ahead inc death,2021-03-23,PL,Poland,point,NA,342
2021-03-21,3 day ahead cum death,2021-03-24,PL,Poland,point,NA,50114
2021-03-21,3 day ahead inc death,2021-03-24,PL,Poland,point,NA,340
2021-03-21,4 day ahead cum death,2021-03-25,PL,Poland,point,NA,50467
2021-03-21,4 day ahead inc death,2021-03-25,PL,Poland,point,NA,348
2021-03-21,5 day ahead cum death,2021-03-26,PL,Poland,point,NA,50838
2021-03-21,5 day ahead inc death,2021-03-26,PL,Poland,point,NA,363
2021-03-21,6 day ahead cum death,2021-03-27,PL,Poland,point,NA,51226
2021-03-21,6 day ahead inc death,2021-03-27,PL,Poland,point,NA,374
2021-03-21,7 day ahead cum death,2021-03-28,PL,Poland,point,NA,51610
2021-03-21,7 day ahead inc death,2021-03-28,PL,Poland,point,NA,383
2021-03-21,1 day ahead cum death,2021-03-22,PL,Poland,quantile,0.01,49358
2021-03-21,1 day ahead cum death,2021-03-22,PL,Poland,quantile,0.025,49368
2021-03-21,1 day ahead cum death,2021-03-22,PL,Poland,quantile,0.05,49375
2021-03-21,1 day ahead cum death,2021-03-22,PL,Poland,quantile,0.1,49386
2021-03-21,1 day ahead cum death,2021-03-22,PL,Poland,quantile,0.15,49393
2021-03-21,1 day ahead cum death,2021-03-22,PL,Poland,quantile,0.2,49400
2021-03-21,1 day ahead cum death,2021-03-22,PL,Poland,quantile,0.25,49405
2021-03-21,1 day ahead cum death,2021-03-22,PL,Poland,quantile,0.3,49410
2021-03-21,1 day ahead cum death,2021-03-22,PL,Poland,quantile,0.35,49414
2021-03-21,1 day ahead cum death,2021-03-22,PL,Poland,quantile,0.4,49419
2021-03-21,1 day ahead cum death,2021-03-22,PL,Poland,quantile,0.45,49422
2021-03-21,1 day ahead cum death,2021-03-22,PL,Poland,quantile,0.5,49426
2021-03-21,1 day ahead cum death,2021-03-22,PL,Poland,quantile,0.55,49430
2021-03-21,1 day ahead cum death,2021-03-22,PL,Poland,quantile,0.6,49433
2021-03-21,1 day ahead cum death,2021-03-22,PL,Poland,quantile,0.65,49436
2021-03-21,1 day ahead cum death,2021-03-22,PL,Poland,quantile,0.7,49440
2021-03-21,1 day ahead cum death,2021-03-22,PL,Poland,quantile,0.75,49444
2021-03-21,1 day ahead cum death,2021-03-22,PL,Poland,quantile,0.8,49448
2021-03-21,1 day ahead cum death,2021-03-22,PL,Poland,quantile,0.85,49452
2021-03-21,1 day ahead cum death,2021-03-22,PL,Poland,quantile,0.9,49458
2021-03-21,1 day ahead cum death,2021-03-22,PL,Poland,quantile,0.95,49466
2021-03-21,1 day ahead cum death,2021-03-22,PL,Poland,quantile,0.975,49473
2021-03-21,1 day ahead cum death,2021-03-22,PL,Poland,quantile,0.99,49481
2021-03-21,1 day ahead inc death,2021-03-22,PL,Poland,quantile,0.01,270
2021-03-21,1 day ahead inc death,2021-03-22,PL,Poland,quantile,0.025,280
2021-03-21,1 day ahead inc death,2021-03-22,PL,Poland,quantile,0.05,287
2021-03-21,1 day ahead inc death,2021-03-22,PL,Poland,quantile,0.1,298
2021-03-21,1 day ahead inc death,2021-03-22,PL,Poland,quantile,0.15,305
2021-03-21,1 day ahead inc death,2021-03-22,PL,Poland,quantile,0.2,312
2021-03-21,1 day ahead inc death,2021-03-22,PL,Poland,quantile,0.25,317
2021-03-21,1 day ahead inc death,2021-03-22,PL,Poland,quantile,0.3,322
2021-03-21,1 day ahead inc death,2021-03-22,PL,Poland,quantile,0.35,326
2021-03-21,1 day ahead inc death,2021-03-22,PL,Poland,quantile,0.4,331
2021-03-21,1 day ahead inc death,2021-03-22,PL,Poland,quantile,0.45,334
2021-03-21,1 day ahead inc death,2021-03-22,PL,Poland,quantile,0.5,338
2021-03-21,1 day ahead inc death,2021-03-22,PL,Poland,quantile,0.55,342
2021-03-21,1 day ahead inc death,2021-03-22,PL,Poland,quantile,0.6,345
2021-03-21,1 day ahead inc death,2021-03-22,PL,Poland,quantile,0.65,348
2021-03-21,1 day ahead inc death,2021-03-22,PL,Poland,quantile,0.7,352
2021-03-21,1 day ahead inc death,2021-03-22,PL,Poland,quantile,0.75,356
2021-03-21,1 day ahead inc death,2021-03-22,PL,Poland,quantile,0.8,360
2021-03-21,1 day ahead inc death,2021-03-22,PL,Poland,quantile,0.85,364
2021-03-21,1 day ahead inc death,2021-03-22,PL,Poland,quantile,0.9,370
2021-03-21,1 day ahead inc death,2021-03-22,PL,Poland,quantile,0.95,378
2021-03-21,1 day ahead inc death,2021-03-22,PL,Poland,quantile,0.975,385
2021-03-21,1 day ahead inc death,2021-03-22,PL,Poland,quantile,0.99,393
2021-03-21,1 wk ahead cum death,2021-03-27,PL,Poland,quantile,0.01,50933
2021-03-21,1 wk ahead cum death,2021-03-27,PL,Poland,quantile,0.025,50960
2021-03-21,1 wk ahead cum death,2021-03-27,PL,Poland,quantile,0.05,50983
2021-03-21,1 wk ahead cum death,2021-03-27,PL,Poland,quantile,0.1,51014
2021-03-21,1 wk ahead cum death,2021-03-27,PL,Poland,quantile,0.15,51038
2021-03-21,1 wk ahead cum death,2021-03-27,PL,Poland,quantile,0.2,51062
2021-03-21,1 wk ahead cum death,2021-03-27,PL,Poland,quantile,0.25,51087
2021-03-21,1 wk ahead cum death,2021-03-27,PL,Poland,quantile,0.3,51121
2021-03-21,1 wk ahead cum death,2021-03-27,PL,Poland,quantile,0.35,51162
2021-03-21,1 wk ahead cum death,2021-03-27,PL,Poland,quantile,0.4,51192
2021-03-21,1 wk ahead cum death,2021-03-27,PL,Poland,quantile,0.45,51211
2021-03-21,1 wk ahead cum death,2021-03-27,PL,Poland,quantile,0.5,51226
2021-03-21,1 wk ahead cum death,2021-03-27,PL,Poland,quantile,0.55,51240
2021-03-21,1 wk ahead cum death,2021-03-27,PL,Poland,quantile,0.6,51251
2021-03-21,1 wk ahead cum death,2021-03-27,PL,Poland,quantile,0.65,51263
2021-03-21,1 wk ahead cum death,2021-03-27,PL,Poland,quantile,0.7,51273
2021-03-21,1 wk ahead cum death,2021-03-27,PL,Poland,quantile,0.75,51285
2021-03-21,1 wk ahead cum death,2021-03-27,PL,Poland,quantile,0.8,51297
2021-03-21,1 wk ahead cum death,2021-03-27,PL,Poland,quantile,0.85,51310
2021-03-21,1 wk ahead cum death,2021-03-27,PL,Poland,quantile,0.9,51326
2021-03-21,1 wk ahead cum death,2021-03-27,PL,Poland,quantile,0.95,51349
2021-03-21,1 wk ahead cum death,2021-03-27,PL,Poland,quantile,0.975,51367
2021-03-21,1 wk ahead cum death,2021-03-27,PL,Poland,quantile,0.99,51389
2021-03-21,1 wk ahead inc death,2021-03-27,PL,Poland,quantile,0.01,2194
2021-03-21,1 wk ahead inc death,2021-03-27,PL,Poland,quantile,0.025,2221
2021-03-21,1 wk ahead inc death,2021-03-27,PL,Poland,quantile,0.05,2244
2021-03-21,1 wk ahead inc death,2021-03-27,PL,Poland,quantile,0.1,2275
2021-03-21,1 wk ahead inc death,2021-03-27,PL,Poland,quantile,0.15,2299
2021-03-21,1 wk ahead inc death,2021-03-27,PL,Poland,quantile,0.2,2323
2021-03-21,1 wk ahead inc death,2021-03-27,PL,Poland,quantile,0.25,2348
2021-03-21,1 wk ahead inc death,2021-03-27,PL,Poland,quantile,0.3,2382
2021-03-21,1 wk ahead inc death,2021-03-27,PL,Poland,quantile,0.35,2423
2021-03-21,1 wk ahead inc death,2021-03-27,PL,Poland,quantile,0.4,2453
2021-03-21,1 wk ahead inc death,2021-03-27,PL,Poland,quantile,0.45,2472
2021-03-21,1 wk ahead inc death,2021-03-27,PL,Poland,quantile,0.5,2487
2021-03-21,1 wk ahead inc death,2021-03-27,PL,Poland,quantile,0.55,2501
2021-03-21,1 wk ahead inc death,2021-03-27,PL,Poland,quantile,0.6,2512
2021-03-21,1 wk ahead inc death,2021-03-27,PL,Poland,quantile,0.65,2524
2021-03-21,1 wk ahead inc death,2021-03-27,PL,Poland,quantile,0.7,2534
2021-03-21,1 wk ahead inc death,2021-03-27,PL,Poland,quantile,0.75,2546
2021-03-21,1 wk ahead inc death,2021-03-27,PL,Poland,quantile,0.8,2558
2021-03-21,1 wk ahead inc death,2021-03-27,PL,Poland,quantile,0.85,2571
2021-03-21,1 wk ahead inc death,2021-03-27,PL,Poland,quantile,0.9,2587
2021-03-21,1 wk ahead inc death,2021-03-27,PL,Poland,quantile,0.95,2610
2021-03-21,1 wk ahead inc death,2021-03-27,PL,Poland,quantile,0.975,2628
2021-03-21,1 wk ahead inc death,2021-03-27,PL,Poland,quantile,0.99,2650
2021-03-21,2 day ahead cum death,2021-03-23,PL,Poland,quantile,0.01,49657
2021-03-21,2 day ahead cum death,2021-03-23,PL,Poland,quantile,0.025,49672
2021-03-21,2 day ahead cum death,2021-03-23,PL,Poland,quantile,0.05,49683
2021-03-21,2 day ahead cum death,2021-03-23,PL,Poland,quantile,0.1,49698
2021-03-21,2 day ahead cum death,2021-03-23,PL,Poland,quantile,0.15,49710
2021-03-21,2 day ahead cum death,2021-03-23,PL,Poland,quantile,0.2,49720
2021-03-21,2 day ahead cum death,2021-03-23,PL,Poland,quantile,0.25,49730
2021-03-21,2 day ahead cum death,2021-03-23,PL,Poland,quantile,0.3,49740
2021-03-21,2 day ahead cum death,2021-03-23,PL,Poland,quantile,0.35,49749
2021-03-21,2 day ahead cum death,2021-03-23,PL,Poland,quantile,0.4,49757
2021-03-21,2 day ahead cum death,2021-03-23,PL,Poland,quantile,0.45,49764
2021-03-21,2 day ahead cum death,2021-03-23,PL,Poland,quantile,0.5,49770
2021-03-21,2 day ahead cum death,2021-03-23,PL,Poland,quantile,0.55,49777
2021-03-21,2 day ahead cum death,2021-03-23,PL,Poland,quantile,0.6,49782
2021-03-21,2 day ahead cum death,2021-03-23,PL,Poland,quantile,0.65,49788
2021-03-21,2 day ahead cum death,2021-03-23,PL,Poland,quantile,0.7,49793
2021-03-21,2 day ahead cum death,2021-03-23,PL,Poland,quantile,0.75,49798
2021-03-21,2 day ahead cum death,2021-03-23,PL,Poland,quantile,0.8,49805
2021-03-21,2 day ahead cum death,2021-03-23,PL,Poland,quantile,0.85,49812
2021-03-21,2 day ahead cum death,2021-03-23,PL,Poland,quantile,0.9,49820
2021-03-21,2 day ahead cum death,2021-03-23,PL,Poland,quantile,0.95,49833
2021-03-21,2 day ahead cum death,2021-03-23,PL,Poland,quantile,0.975,49842
2021-03-21,2 day ahead cum death,2021-03-23,PL,Poland,quantile,0.99,49856
2021-03-21,2 day ahead inc death,2021-03-23,PL,Poland,quantile,0.01,275
2021-03-21,2 day ahead inc death,2021-03-23,PL,Poland,quantile,0.025,285
2021-03-21,2 day ahead inc death,2021-03-23,PL,Poland,quantile,0.05,293
2021-03-21,2 day ahead inc death,2021-03-23,PL,Poland,quantile,0.1,303
2021-03-21,2 day ahead inc death,2021-03-23,PL,Poland,quantile,0.15,311
2021-03-21,2 day ahead inc death,2021-03-23,PL,Poland,quantile,0.2,316
2021-03-21,2 day ahead inc death,2021-03-23,PL,Poland,quantile,0.25,321
2021-03-21,2 day ahead inc death,2021-03-23,PL,Poland,quantile,0.3,326
2021-03-21,2 day ahead inc death,2021-03-23,PL,Poland,quantile,0.35,330
2021-03-21,2 day ahead inc death,2021-03-23,PL,Poland,quantile,0.4,334
2021-03-21,2 day ahead inc death,2021-03-23,PL,Poland,quantile,0.45,338
2021-03-21,2 day ahead inc death,2021-03-23,PL,Poland,quantile,0.5,342
2021-03-21,2 day ahead inc death,2021-03-23,PL,Poland,quantile,0.55,345
2021-03-21,2 day ahead inc death,2021-03-23,PL,Poland,quantile,0.6,349
2021-03-21,2 day ahead inc death,2021-03-23,PL,Poland,quantile,0.65,352
2021-03-21,2 day ahead inc death,2021-03-23,PL,Poland,quantile,0.7,356
2021-03-21,2 day ahead inc death,2021-03-23,PL,Poland,quantile,0.75,360
2021-03-21,2 day ahead inc death,2021-03-23,PL,Poland,quantile,0.8,365
2021-03-21,2 day ahead inc death,2021-03-23,PL,Poland,quantile,0.85,370
2021-03-21,2 day ahead inc death,2021-03-23,PL,Poland,quantile,0.9,376
2021-03-21,2 day ahead inc death,2021-03-23,PL,Poland,quantile,0.95,385
2021-03-21,2 day ahead inc death,2021-03-23,PL,Poland,quantile,0.975,393
2021-03-21,2 day ahead inc death,2021-03-23,PL,Poland,quantile,0.99,402
2021-03-21,3 day ahead cum death,2021-03-24,PL,Poland,quantile,0.01,49966
2021-03-21,3 day ahead cum death,2021-03-24,PL,Poland,quantile,0.025,49983
2021-03-21,3 day ahead cum death,2021-03-24,PL,Poland,quantile,0.05,49998
2021-03-21,3 day ahead cum death,2021-03-24,PL,Poland,quantile,0.1,50017
2021-03-21,3 day ahead cum death,2021-03-24,PL,Poland,quantile,0.15,50031
2021-03-21,3 day ahead cum death,2021-03-24,PL,Poland,quantile,0.2,50044
2021-03-21,3 day ahead cum death,2021-03-24,PL,Poland,quantile,0.25,50057
2021-03-21,3 day ahead cum death,2021-03-24,PL,Poland,quantile,0.3,50071
2021-03-21,3 day ahead cum death,2021-03-24,PL,Poland,quantile,0.35,50083
2021-03-21,3 day ahead cum death,2021-03-24,PL,Poland,quantile,0.4,50095
2021-03-21,3 day ahead cum death,2021-03-24,PL,Poland,quantile,0.45,50105
2021-03-21,3 day ahead cum death,2021-03-24,PL,Poland,quantile,0.5,50114
2021-03-21,3 day ahead cum death,2021-03-24,PL,Poland,quantile,0.55,50121
2021-03-21,3 day ahead cum death,2021-03-24,PL,Poland,quantile,0.6,50128
2021-03-21,3 day ahead cum death,2021-03-24,PL,Poland,quantile,0.65,50135
2021-03-21,3 day ahead cum death,2021-03-24,PL,Poland,quantile,0.7,50143
2021-03-21,3 day ahead cum death,2021-03-24,PL,Poland,quantile,0.75,50149
2021-03-21,3 day ahead cum death,2021-03-24,PL,Poland,quantile,0.8,50158
2021-03-21,3 day ahead cum death,2021-03-24,PL,Poland,quantile,0.85,50168
2021-03-21,3 day ahead cum death,2021-03-24,PL,Poland,quantile,0.9,50179
2021-03-21,3 day ahead cum death,2021-03-24,PL,Poland,quantile,0.95,50193
2021-03-21,3 day ahead cum death,2021-03-24,PL,Poland,quantile,0.975,50207
2021-03-21,3 day ahead cum death,2021-03-24,PL,Poland,quantile,0.99,50222
2021-03-21,3 day ahead inc death,2021-03-24,PL,Poland,quantile,0.01,280
2021-03-21,3 day ahead inc death,2021-03-24,PL,Poland,quantile,0.025,288
2021-03-21,3 day ahead inc death,2021-03-24,PL,Poland,quantile,0.05,296
2021-03-21,3 day ahead inc death,2021-03-24,PL,Poland,quantile,0.1,307
2021-03-21,3 day ahead inc death,2021-03-24,PL,Poland,quantile,0.15,313
2021-03-21,3 day ahead inc death,2021-03-24,PL,Poland,quantile,0.2,318
2021-03-21,3 day ahead inc death,2021-03-24,PL,Poland,quantile,0.25,323
2021-03-21,3 day ahead inc death,2021-03-24,PL,Poland,quantile,0.3,327
2021-03-21,3 day ahead inc death,2021-03-24,PL,Poland,quantile,0.35,331
2021-03-21,3 day ahead inc death,2021-03-24,PL,Poland,quantile,0.4,334
2021-03-21,3 day ahead inc death,2021-03-24,PL,Poland,quantile,0.45,337
2021-03-21,3 day ahead inc death,2021-03-24,PL,Poland,quantile,0.5,340
2021-03-21,3 day ahead inc death,2021-03-24,PL,Poland,quantile,0.55,344
2021-03-21,3 day ahead inc death,2021-03-24,PL,Poland,quantile,0.6,347
2021-03-21,3 day ahead inc death,2021-03-24,PL,Poland,quantile,0.65,350
2021-03-21,3 day ahead inc death,2021-03-24,PL,Poland,quantile,0.7,354
2021-03-21,3 day ahead inc death,2021-03-24,PL,Poland,quantile,0.75,357
2021-03-21,3 day ahead inc death,2021-03-24,PL,Poland,quantile,0.8,362
2021-03-21,3 day ahead inc death,2021-03-24,PL,Poland,quantile,0.85,366
2021-03-21,3 day ahead inc death,2021-03-24,PL,Poland,quantile,0.9,371
2021-03-21,3 day ahead inc death,2021-03-24,PL,Poland,quantile,0.95,380
2021-03-21,3 day ahead inc death,2021-03-24,PL,Poland,quantile,0.975,388
2021-03-21,3 day ahead inc death,2021-03-24,PL,Poland,quantile,0.99,394
2021-03-21,4 day ahead cum death,2021-03-25,PL,Poland,quantile,0.01,50278
2021-03-21,4 day ahead cum death,2021-03-25,PL,Poland,quantile,0.025,50301
2021-03-21,4 day ahead cum death,2021-03-25,PL,Poland,quantile,0.05,50319
2021-03-21,4 day ahead cum death,2021-03-25,PL,Poland,quantile,0.1,50343
2021-03-21,4 day ahead cum death,2021-03-25,PL,Poland,quantile,0.15,50360
2021-03-21,4 day ahead cum death,2021-03-25,PL,Poland,quantile,0.2,50376
2021-03-21,4 day ahead cum death,2021-03-25,PL,Poland,quantile,0.25,50395
2021-03-21,4 day ahead cum death,2021-03-25,PL,Poland,quantile,0.3,50412
2021-03-21,4 day ahead cum death,2021-03-25,PL,Poland,quantile,0.35,50429
2021-03-21,4 day ahead cum death,2021-03-25,PL,Poland,quantile,0.4,50444
2021-03-21,4 day ahead cum death,2021-03-25,PL,Poland,quantile,0.45,50456
2021-03-21,4 day ahead cum death,2021-03-25,PL,Poland,quantile,0.5,50467
2021-03-21,4 day ahead cum death,2021-03-25,PL,Poland,quantile,0.55,50475
2021-03-21,4 day ahead cum death,2021-03-25,PL,Poland,quantile,0.6,50483
2021-03-21,4 day ahead cum death,2021-03-25,PL,Poland,quantile,0.65,50491
2021-03-21,4 day ahead cum death,2021-03-25,PL,Poland,quantile,0.7,50498
2021-03-21,4 day ahead cum death,2021-03-25,PL,Poland,quantile,0.75,50507
2021-03-21,4 day ahead cum death,2021-03-25,PL,Poland,quantile,0.8,50516
2021-03-21,4 day ahead cum death,2021-03-25,PL,Poland,quantile,0.85,50527
2021-03-21,4 day ahead cum death,2021-03-25,PL,Poland,quantile,0.9,50539
2021-03-21,4 day ahead cum death,2021-03-25,PL,Poland,quantile,0.95,50556
2021-03-21,4 day ahead cum death,2021-03-25,PL,Poland,quantile,0.975,50571
2021-03-21,4 day ahead cum death,2021-03-25,PL,Poland,quantile,0.99,50588
2021-03-21,4 day ahead inc death,2021-03-25,PL,Poland,quantile,0.01,282
2021-03-21,4 day ahead inc death,2021-03-25,PL,Poland,quantile,0.025,293
2021-03-21,4 day ahead inc death,2021-03-25,PL,Poland,quantile,0.05,303
2021-03-21,4 day ahead inc death,2021-03-25,PL,Poland,quantile,0.1,314
2021-03-21,4 day ahead inc death,2021-03-25,PL,Poland,quantile,0.15,321
2021-03-21,4 day ahead inc death,2021-03-25,PL,Poland,quantile,0.2,326
2021-03-21,4 day ahead inc death,2021-03-25,PL,Poland,quantile,0.25,331
2021-03-21,4 day ahead inc death,2021-03-25,PL,Poland,quantile,0.3,335
2021-03-21,4 day ahead inc death,2021-03-25,PL,Poland,quantile,0.35,339
2021-03-21,4 day ahead inc death,2021-03-25,PL,Poland,quantile,0.4,342
2021-03-21,4 day ahead inc death,2021-03-25,PL,Poland,quantile,0.45,346
2021-03-21,4 day ahead inc death,2021-03-25,PL,Poland,quantile,0.5,348
2021-03-21,4 day ahead inc death,2021-03-25,PL,Poland,quantile,0.55,352
2021-03-21,4 day ahead inc death,2021-03-25,PL,Poland,quantile,0.6,355
2021-03-21,4 day ahead inc death,2021-03-25,PL,Poland,quantile,0.65,358
2021-03-21,4 day ahead inc death,2021-03-25,PL,Poland,quantile,0.7,361
2021-03-21,4 day ahead inc death,2021-03-25,PL,Poland,quantile,0.75,364
2021-03-21,4 day ahead inc death,2021-03-25,PL,Poland,quantile,0.8,368
2021-03-21,4 day ahead inc death,2021-03-25,PL,Poland,quantile,0.85,373
2021-03-21,4 day ahead inc death,2021-03-25,PL,Poland,quantile,0.9,378
2021-03-21,4 day ahead inc death,2021-03-25,PL,Poland,quantile,0.95,386
2021-03-21,4 day ahead inc death,2021-03-25,PL,Poland,quantile,0.975,393
2021-03-21,4 day ahead inc death,2021-03-25,PL,Poland,quantile,0.99,402
2021-03-21,5 day ahead cum death,2021-03-26,PL,Poland,quantile,0.01,50601
2021-03-21,5 day ahead cum death,2021-03-26,PL,Poland,quantile,0.025,50626
2021-03-21,5 day ahead cum death,2021-03-26,PL,Poland,quantile,0.05,50646
2021-03-21,5 day ahead cum death,2021-03-26,PL,Poland,quantile,0.1,50674
2021-03-21,5 day ahead cum death,2021-03-26,PL,Poland,quantile,0.15,50695
2021-03-21,5 day ahead cum death,2021-03-26,PL,Poland,quantile,0.2,50715
2021-03-21,5 day ahead cum death,2021-03-26,PL,Poland,quantile,0.25,50739
2021-03-21,5 day ahead cum death,2021-03-26,PL,Poland,quantile,0.3,50764
2021-03-21,5 day ahead cum death,2021-03-26,PL,Poland,quantile,0.35,50793
2021-03-21,5 day ahead cum death,2021-03-26,PL,Poland,quantile,0.4,50813
2021-03-21,5 day ahead cum death,2021-03-26,PL,Poland,quantile,0.45,50826
2021-03-21,5 day ahead cum death,2021-03-26,PL,Poland,quantile,0.5,50838
2021-03-21,5 day ahead cum death,2021-03-26,PL,Poland,quantile,0.55,50849
2021-03-21,5 day ahead cum death,2021-03-26,PL,Poland,quantile,0.6,50858
2021-03-21,5 day ahead cum death,2021-03-26,PL,Poland,quantile,0.65,50865
2021-03-21,5 day ahead cum death,2021-03-26,PL,Poland,quantile,0.7,50875
2021-03-21,5 day ahead cum death,2021-03-26,PL,Poland,quantile,0.75,50883
2021-03-21,5 day ahead cum death,2021-03-26,PL,Poland,quantile,0.8,50892
2021-03-21,5 day ahead cum death,2021-03-26,PL,Poland,quantile,0.85,50903
2021-03-21,5 day ahead cum death,2021-03-26,PL,Poland,quantile,0.9,50915
2021-03-21,5 day ahead cum death,2021-03-26,PL,Poland,quantile,0.95,50932
2021-03-21,5 day ahead cum death,2021-03-26,PL,Poland,quantile,0.975,50948
2021-03-21,5 day ahead cum death,2021-03-26,PL,Poland,quantile,0.99,50965
2021-03-21,5 day ahead inc death,2021-03-26,PL,Poland,quantile,0.01,287
2021-03-21,5 day ahead inc death,2021-03-26,PL,Poland,quantile,0.025,297
2021-03-21,5 day ahead inc death,2021-03-26,PL,Poland,quantile,0.05,307
2021-03-21,5 day ahead inc death,2021-03-26,PL,Poland,quantile,0.1,320
2021-03-21,5 day ahead inc death,2021-03-26,PL,Poland,quantile,0.15,328
2021-03-21,5 day ahead inc death,2021-03-26,PL,Poland,quantile,0.2,335
2021-03-21,5 day ahead inc death,2021-03-26,PL,Poland,quantile,0.25,340
2021-03-21,5 day ahead inc death,2021-03-26,PL,Poland,quantile,0.3,345
2021-03-21,5 day ahead inc death,2021-03-26,PL,Poland,quantile,0.35,350
2021-03-21,5 day ahead inc death,2021-03-26,PL,Poland,quantile,0.4,354
2021-03-21,5 day ahead inc death,2021-03-26,PL,Poland,quantile,0.45,359
2021-03-21,5 day ahead inc death,2021-03-26,PL,Poland,quantile,0.5,363
2021-03-21,5 day ahead inc death,2021-03-26,PL,Poland,quantile,0.55,367
2021-03-21,5 day ahead inc death,2021-03-26,PL,Poland,quantile,0.6,371
2021-03-21,5 day ahead inc death,2021-03-26,PL,Poland,quantile,0.65,375
2021-03-21,5 day ahead inc death,2021-03-26,PL,Poland,quantile,0.7,380
2021-03-21,5 day ahead inc death,2021-03-26,PL,Poland,quantile,0.75,384
2021-03-21,5 day ahead inc death,2021-03-26,PL,Poland,quantile,0.8,390
2021-03-21,5 day ahead inc death,2021-03-26,PL,Poland,quantile,0.85,395
2021-03-21,5 day ahead inc death,2021-03-26,PL,Poland,quantile,0.9,402
2021-03-21,5 day ahead inc death,2021-03-26,PL,Poland,quantile,0.95,412
2021-03-21,5 day ahead inc death,2021-03-26,PL,Poland,quantile,0.975,420
2021-03-21,5 day ahead inc death,2021-03-26,PL,Poland,quantile,0.99,431
2021-03-21,6 day ahead cum death,2021-03-27,PL,Poland,quantile,0.01,50933
2021-03-21,6 day ahead cum death,2021-03-27,PL,Poland,quantile,0.025,50960
2021-03-21,6 day ahead cum death,2021-03-27,PL,Poland,quantile,0.05,50983
2021-03-21,6 day ahead cum death,2021-03-27,PL,Poland,quantile,0.1,51014
2021-03-21,6 day ahead cum death,2021-03-27,PL,Poland,quantile,0.15,51038
2021-03-21,6 day ahead cum death,2021-03-27,PL,Poland,quantile,0.2,51062
2021-03-21,6 day ahead cum death,2021-03-27,PL,Poland,quantile,0.25,51087
2021-03-21,6 day ahead cum death,2021-03-27,PL,Poland,quantile,0.3,51121
2021-03-21,6 day ahead cum death,2021-03-27,PL,Poland,quantile,0.35,51162
2021-03-21,6 day ahead cum death,2021-03-27,PL,Poland,quantile,0.4,51192
2021-03-21,6 day ahead cum death,2021-03-27,PL,Poland,quantile,0.45,51211
2021-03-21,6 day ahead cum death,2021-03-27,PL,Poland,quantile,0.5,51226
2021-03-21,6 day ahead cum death,2021-03-27,PL,Poland,quantile,0.55,51240
2021-03-21,6 day ahead cum death,2021-03-27,PL,Poland,quantile,0.6,51251
2021-03-21,6 day ahead cum death,2021-03-27,PL,Poland,quantile,0.65,51263
2021-03-21,6 day ahead cum death,2021-03-27,PL,Poland,quantile,0.7,51273
2021-03-21,6 day ahead cum death,2021-03-27,PL,Poland,quantile,0.75,51285
2021-03-21,6 day ahead cum death,2021-03-27,PL,Poland,quantile,0.8,51297
2021-03-21,6 day ahead cum death,2021-03-27,PL,Poland,quantile,0.85,51310
2021-03-21,6 day ahead cum death,2021-03-27,PL,Poland,quantile,0.9,51326
2021-03-21,6 day ahead cum death,2021-03-27,PL,Poland,quantile,0.95,51349
2021-03-21,6 day ahead cum death,2021-03-27,PL,Poland,quantile,0.975,51367
2021-03-21,6 day ahead cum death,2021-03-27,PL,Poland,quantile,0.99,51389
2021-03-21,6 day ahead inc death,2021-03-27,PL,Poland,quantile,0.01,292
2021-03-21,6 day ahead inc death,2021-03-27,PL,Poland,quantile,0.025,303
2021-03-21,6 day ahead inc death,2021-03-27,PL,Poland,quantile,0.05,314
2021-03-21,6 day ahead inc death,2021-03-27,PL,Poland,quantile,0.1,327
2021-03-21,6 day ahead inc death,2021-03-27,PL,Poland,quantile,0.15,335
2021-03-21,6 day ahead inc death,2021-03-27,PL,Poland,quantile,0.2,341
2021-03-21,6 day ahead inc death,2021-03-27,PL,Poland,quantile,0.25,347
2021-03-21,6 day ahead inc death,2021-03-27,PL,Poland,quantile,0.3,353
2021-03-21,6 day ahead inc death,2021-03-27,PL,Poland,quantile,0.35,358
2021-03-21,6 day ahead inc death,2021-03-27,PL,Poland,quantile,0.4,363
2021-03-21,6 day ahead inc death,2021-03-27,PL,Poland,quantile,0.45,368
2021-03-21,6 day ahead inc death,2021-03-27,PL,Poland,quantile,0.5,374
2021-03-21,6 day ahead inc death,2021-03-27,PL,Poland,quantile,0.55,380
2021-03-21,6 day ahead inc death,2021-03-27,PL,Poland,quantile,0.6,388
2021-03-21,6 day ahead inc death,2021-03-27,PL,Poland,quantile,0.65,397
2021-03-21,6 day ahead inc death,2021-03-27,PL,Poland,quantile,0.7,406
2021-03-21,6 day ahead inc death,2021-03-27,PL,Poland,quantile,0.75,415
2021-03-21,6 day ahead inc death,2021-03-27,PL,Poland,quantile,0.8,423
2021-03-21,6 day ahead inc death,2021-03-27,PL,Poland,quantile,0.85,431
2021-03-21,6 day ahead inc death,2021-03-27,PL,Poland,quantile,0.9,439
2021-03-21,6 day ahead inc death,2021-03-27,PL,Poland,quantile,0.95,452
2021-03-21,6 day ahead inc death,2021-03-27,PL,Poland,quantile,0.975,461
2021-03-21,6 day ahead inc death,2021-03-27,PL,Poland,quantile,0.99,472
2021-03-21,7 day ahead cum death,2021-03-28,PL,Poland,quantile,0.01,51269
2021-03-21,7 day ahead cum death,2021-03-28,PL,Poland,quantile,0.025,51301
2021-03-21,7 day ahead cum death,2021-03-28,PL,Poland,quantile,0.05,51329
2021-03-21,7 day ahead cum death,2021-03-28,PL,Poland,quantile,0.1,51361
2021-03-21,7 day ahead cum death,2021-03-28,PL,Poland,quantile,0.15,51389
2021-03-21,7 day ahead cum death,2021-03-28,PL,Poland,quantile,0.2,51415
2021-03-21,7 day ahead cum death,2021-03-28,PL,Poland,quantile,0.25,51442
2021-03-21,7 day ahead cum death,2021-03-28,PL,Poland,quantile,0.3,51483
2021-03-21,7 day ahead cum death,2021-03-28,PL,Poland,quantile,0.35,51532
2021-03-21,7 day ahead cum death,2021-03-28,PL,Poland,quantile,0.4,51565
2021-03-21,7 day ahead cum death,2021-03-28,PL,Poland,quantile,0.45,51590
2021-03-21,7 day ahead cum death,2021-03-28,PL,Poland,quantile,0.5,51610
2021-03-21,7 day ahead cum death,2021-03-28,PL,Poland,quantile,0.55,51630
2021-03-21,7 day ahead cum death,2021-03-28,PL,Poland,quantile,0.6,51652
2021-03-21,7 day ahead cum death,2021-03-28,PL,Poland,quantile,0.65,51675
2021-03-21,7 day ahead cum death,2021-03-28,PL,Poland,quantile,0.7,51697
2021-03-21,7 day ahead cum death,2021-03-28,PL,Poland,quantile,0.75,51720
2021-03-21,7 day ahead cum death,2021-03-28,PL,Poland,quantile,0.8,51739
2021-03-21,7 day ahead cum death,2021-03-28,PL,Poland,quantile,0.85,51760
2021-03-21,7 day ahead cum death,2021-03-28,PL,Poland,quantile,0.9,51782
2021-03-21,7 day ahead cum death,2021-03-28,PL,Poland,quantile,0.95,51810
2021-03-21,7 day ahead cum death,2021-03-28,PL,Poland,quantile,0.975,51833
2021-03-21,7 day ahead cum death,2021-03-28,PL,Poland,quantile,0.99,51856
2021-03-21,7 day ahead inc death,2021-03-28,PL,Poland,quantile,0.01,295
2021-03-21,7 day ahead inc death,2021-03-28,PL,Poland,quantile,0.025,308
2021-03-21,7 day ahead inc death,2021-03-28,PL,Poland,quantile,0.05,319
2021-03-21,7 day ahead inc death,2021-03-28,PL,Poland,quantile,0.1,332
2021-03-21,7 day ahead inc death,2021-03-28,PL,Poland,quantile,0.15,341
2021-03-21,7 day ahead inc death,2021-03-28,PL,Poland,quantile,0.2,348
2021-03-21,7 day ahead inc death,2021-03-28,PL,Poland,quantile,0.25,355
2021-03-21,7 day ahead inc death,2021-03-28,PL,Poland,quantile,0.3,360
2021-03-21,7 day ahead inc death,2021-03-28,PL,Poland,quantile,0.35,366
2021-03-21,7 day ahead inc death,2021-03-28,PL,Poland,quantile,0.4,371
2021-03-21,7 day ahead inc death,2021-03-28,PL,Poland,quantile,0.45,377
2021-03-21,7 day ahead inc death,2021-03-28,PL,Poland,quantile,0.5,383
2021-03-21,7 day ahead inc death,2021-03-28,PL,Poland,quantile,0.55,390
2021-03-21,7 day ahead inc death,2021-03-28,PL,Poland,quantile,0.6,399
2021-03-21,7 day ahead inc death,2021-03-28,PL,Poland,quantile,0.65,413
2021-03-21,7 day ahead inc death,2021-03-28,PL,Poland,quantile,0.7,431
2021-03-21,7 day ahead inc death,2021-03-28,PL,Poland,quantile,0.75,443
2021-03-21,7 day ahead inc death,2021-03-28,PL,Poland,quantile,0.8,452
2021-03-21,7 day ahead inc death,2021-03-28,PL,Poland,quantile,0.85,461
2021-03-21,7 day ahead inc death,2021-03-28,PL,Poland,quantile,0.9,470
2021-03-21,7 day ahead inc death,2021-03-28,PL,Poland,quantile,0.95,482
2021-03-21,7 day ahead inc death,2021-03-28,PL,Poland,quantile,0.975,492
2021-03-21,7 day ahead inc death,2021-03-28,PL,Poland,quantile,0.99,502
