"forecast_date","target","target_end_date","location","location_name","type","quantile","value"
2021-03-22,"1 day ahead cum case",2021-03-23,"GM","Germany","point",NA,2681391.874268
2021-03-22,"2 day ahead cum case",2021-03-24,"GM","Germany","point",NA,2696912.161956
2021-03-22,"3 day ahead cum case",2021-03-25,"GM","Germany","point",NA,2716888.775315
2021-03-22,"4 day ahead cum case",2021-03-26,"GM","Germany","point",NA,2740835.902851
2021-03-22,"5 day ahead cum case",2021-03-27,"GM","Germany","point",NA,2762277.291650
2021-03-22,"6 day ahead cum case",2021-03-28,"GM","Germany","point",NA,2777585.836302
2021-03-22,"7 day ahead cum case",2021-03-29,"GM","Germany","point",NA,2791411.009613
2021-03-22,"8 day ahead cum case",2021-03-30,"GM","Germany","point",NA,2807932.168974
2021-03-22,"9 day ahead cum case",2021-03-31,"GM","Germany","point",NA,2829035.172139
2021-03-22,"10 day ahead cum case",2021-04-01,"GM","Germany","point",NA,2855562.012993
2021-03-22,"11 day ahead cum case",2021-04-02,"GM","Germany","point",NA,2886115.015690
2021-03-22,"12 day ahead cum case",2021-04-03,"GM","Germany","point",NA,2913043.651260
2021-03-22,"13 day ahead cum case",2021-04-04,"GM","Germany","point",NA,2932562.978894
2021-03-22,"14 day ahead cum case",2021-04-05,"GM","Germany","point",NA,2950796.576204
2021-03-22,"15 day ahead cum case",2021-04-06,"GM","Germany","point",NA,2973008.620937
2021-03-22,"16 day ahead cum case",2021-04-07,"GM","Germany","point",NA,3001207.977422
2021-03-22,"17 day ahead cum case",2021-04-08,"GM","Germany","point",NA,3035583.950866
2021-03-22,"18 day ahead cum case",2021-04-09,"GM","Germany","point",NA,3073968.982599
2021-03-22,"19 day ahead cum case",2021-04-10,"GM","Germany","point",NA,3107552.912310
2021-03-22,"20 day ahead cum case",2021-04-11,"GM","Germany","point",NA,3132386.127723
2021-03-22,"21 day ahead cum case",2021-04-12,"GM","Germany","point",NA,3156302.959437
2021-03-22,"22 day ahead cum case",2021-04-13,"GM","Germany","point",NA,3185738.097404
2021-03-22,"23 day ahead cum case",2021-04-14,"GM","Germany","point",NA,3222529.469528
2021-03-22,"24 day ahead cum case",2021-04-15,"GM","Germany","point",NA,3265994.122455
2021-03-22,"25 day ahead cum case",2021-04-16,"GM","Germany","point",NA,3313419.612846
2021-03-22,"26 day ahead cum case",2021-04-17,"GM","Germany","point",NA,3354890.006355
2021-03-22,"27 day ahead cum case",2021-04-18,"GM","Germany","point",NA,3386264.862530
2021-03-22,"28 day ahead cum case",2021-04-19,"GM","Germany","point",NA,3417247.636091
2021-03-22,"29 day ahead cum case",2021-04-20,"GM","Germany","point",NA,3455406.865066
2021-03-22,"30 day ahead cum case",2021-04-21,"GM","Germany","point",NA,3502066.542495
2021-03-22,"1 day ahead cum case",2021-03-23,"GM","Germany","quantile","0.01",2674175.013133
2021-03-22,"2 day ahead cum case",2021-03-24,"GM","Germany","quantile","0.01",2686207.731778
2021-03-22,"3 day ahead cum case",2021-03-25,"GM","Germany","quantile","0.01",2701783.777324
2021-03-22,"4 day ahead cum case",2021-03-26,"GM","Germany","quantile","0.01",2724635.386046
2021-03-22,"5 day ahead cum case",2021-03-27,"GM","Germany","quantile","0.01",2743436.135081
2021-03-22,"6 day ahead cum case",2021-03-28,"GM","Germany","quantile","0.01",2755188.245364
2021-03-22,"7 day ahead cum case",2021-03-29,"GM","Germany","quantile","0.01",2765500.224927
2021-03-22,"8 day ahead cum case",2021-03-30,"GM","Germany","quantile","0.01",2776904.292719
2021-03-22,"9 day ahead cum case",2021-03-31,"GM","Germany","quantile","0.01",2790766.911710
2021-03-22,"10 day ahead cum case",2021-04-01,"GM","Germany","quantile","0.01",2809250.600988
2021-03-22,"11 day ahead cum case",2021-04-02,"GM","Germany","quantile","0.01",2835022.014560
2021-03-22,"12 day ahead cum case",2021-04-03,"GM","Germany","quantile","0.01",2854439.562179
2021-03-22,"13 day ahead cum case",2021-04-04,"GM","Germany","quantile","0.01",2867050.546257
2021-03-22,"14 day ahead cum case",2021-04-05,"GM","Germany","quantile","0.01",2878682.345547
2021-03-22,"15 day ahead cum case",2021-04-06,"GM","Germany","quantile","0.01",2891694.324887
2021-03-22,"16 day ahead cum case",2021-04-07,"GM","Germany","quantile","0.01",2907535.586952
2021-03-22,"17 day ahead cum case",2021-04-08,"GM","Germany","quantile","0.01",2928901.421194
2021-03-22,"18 day ahead cum case",2021-04-09,"GM","Germany","quantile","0.01",2956455.047397
2021-03-22,"19 day ahead cum case",2021-04-10,"GM","Germany","quantile","0.01",2975797.722027
2021-03-22,"20 day ahead cum case",2021-04-11,"GM","Germany","quantile","0.01",2989109.996389
2021-03-22,"21 day ahead cum case",2021-04-12,"GM","Germany","quantile","0.01",3001927.883055
2021-03-22,"22 day ahead cum case",2021-04-13,"GM","Germany","quantile","0.01",3016306.057868
2021-03-22,"23 day ahead cum case",2021-04-14,"GM","Germany","quantile","0.01",3033865.759124
2021-03-22,"24 day ahead cum case",2021-04-15,"GM","Germany","quantile","0.01",3057450.106418
2021-03-22,"25 day ahead cum case",2021-04-16,"GM","Germany","quantile","0.01",3085412.741406
2021-03-22,"26 day ahead cum case",2021-04-17,"GM","Germany","quantile","0.01",3103968.886352
2021-03-22,"27 day ahead cum case",2021-04-18,"GM","Germany","quantile","0.01",3117700.418431
2021-03-22,"28 day ahead cum case",2021-04-19,"GM","Germany","quantile","0.01",3131412.653265
2021-03-22,"29 day ahead cum case",2021-04-20,"GM","Germany","quantile","0.01",3146741.936281
2021-03-22,"30 day ahead cum case",2021-04-21,"GM","Germany","quantile","0.01",3165512.717508
2021-03-22,"1 day ahead cum case",2021-03-23,"GM","Germany","quantile","0.025",2675311.619434
2021-03-22,"2 day ahead cum case",2021-03-24,"GM","Germany","quantile","0.025",2687893.606366
2021-03-22,"3 day ahead cum case",2021-03-25,"GM","Germany","quantile","0.025",2704162.711264
2021-03-22,"4 day ahead cum case",2021-03-26,"GM","Germany","quantile","0.025",2727186.856712
2021-03-22,"5 day ahead cum case",2021-03-27,"GM","Germany","quantile","0.025",2746403.488461
2021-03-22,"6 day ahead cum case",2021-03-28,"GM","Germany","quantile","0.025",2758715.712848
2021-03-22,"7 day ahead cum case",2021-03-29,"GM","Germany","quantile","0.025",2769580.996414
2021-03-22,"8 day ahead cum case",2021-03-30,"GM","Germany","quantile","0.025",2781790.971153
2021-03-22,"9 day ahead cum case",2021-03-31,"GM","Germany","quantile","0.025",2796793.901163
2021-03-22,"10 day ahead cum case",2021-04-01,"GM","Germany","quantile","0.025",2816544.331839
2021-03-22,"11 day ahead cum case",2021-04-02,"GM","Germany","quantile","0.025",2843068.813016
2021-03-22,"12 day ahead cum case",2021-04-03,"GM","Germany","quantile","0.025",2863669.305648
2021-03-22,"13 day ahead cum case",2021-04-04,"GM","Germany","quantile","0.025",2877368.306618
2021-03-22,"14 day ahead cum case",2021-04-05,"GM","Germany","quantile","0.025",2890039.843972
2021-03-22,"15 day ahead cum case",2021-04-06,"GM","Germany","quantile","0.025",2904500.770730
2021-03-22,"16 day ahead cum case",2021-04-07,"GM","Germany","quantile","0.025",2922288.348197
2021-03-22,"17 day ahead cum case",2021-04-08,"GM","Germany","quantile","0.025",2945703.190439
2021-03-22,"18 day ahead cum case",2021-04-09,"GM","Germany","quantile","0.025",2974962.688980
2021-03-22,"19 day ahead cum case",2021-04-10,"GM","Germany","quantile","0.025",2996548.263946
2021-03-22,"20 day ahead cum case",2021-04-11,"GM","Germany","quantile","0.025",3011675.007777
2021-03-22,"21 day ahead cum case",2021-04-12,"GM","Germany","quantile","0.025",3026240.902427
2021-03-22,"22 day ahead cum case",2021-04-13,"GM","Germany","quantile","0.025",3042990.446022
2021-03-22,"23 day ahead cum case",2021-04-14,"GM","Germany","quantile","0.025",3063579.003990
2021-03-22,"24 day ahead cum case",2021-04-15,"GM","Germany","quantile","0.025",3090294.363539
2021-03-22,"25 day ahead cum case",2021-04-16,"GM","Germany","quantile","0.025",3121322.265223
2021-03-22,"26 day ahead cum case",2021-04-17,"GM","Germany","quantile","0.025",3143487.247699
2021-03-22,"27 day ahead cum case",2021-04-18,"GM","Germany","quantile","0.025",3159997.482730
2021-03-22,"28 day ahead cum case",2021-04-19,"GM","Germany","quantile","0.025",3176429.709369
2021-03-22,"29 day ahead cum case",2021-04-20,"GM","Germany","quantile","0.025",3195354.552830
2021-03-22,"30 day ahead cum case",2021-04-21,"GM","Germany","quantile","0.025",3218517.644588
2021-03-22,"1 day ahead cum case",2021-03-23,"GM","Germany","quantile","0.05",2676289.163557
2021-03-22,"2 day ahead cum case",2021-03-24,"GM","Germany","quantile","0.05",2689343.551518
2021-03-22,"3 day ahead cum case",2021-03-25,"GM","Germany","quantile","0.05",2706208.725694
2021-03-22,"4 day ahead cum case",2021-03-26,"GM","Germany","quantile","0.05",2729381.262243
2021-03-22,"5 day ahead cum case",2021-03-27,"GM","Germany","quantile","0.05",2748955.576070
2021-03-22,"6 day ahead cum case",2021-03-28,"GM","Germany","quantile","0.05",2761749.529488
2021-03-22,"7 day ahead cum case",2021-03-29,"GM","Germany","quantile","0.05",2773090.685021
2021-03-22,"8 day ahead cum case",2021-03-30,"GM","Germany","quantile","0.05",2785993.784193
2021-03-22,"9 day ahead cum case",2021-03-31,"GM","Germany","quantile","0.05",2801977.444588
2021-03-22,"10 day ahead cum case",2021-04-01,"GM","Germany","quantile","0.05",2822817.342750
2021-03-22,"11 day ahead cum case",2021-04-02,"GM","Germany","quantile","0.05",2849989.503613
2021-03-22,"12 day ahead cum case",2021-04-03,"GM","Germany","quantile","0.05",2871607.394217
2021-03-22,"13 day ahead cum case",2021-04-04,"GM","Germany","quantile","0.05",2886242.149737
2021-03-22,"14 day ahead cum case",2021-04-05,"GM","Germany","quantile","0.05",2899807.919187
2021-03-22,"15 day ahead cum case",2021-04-06,"GM","Germany","quantile","0.05",2915515.020658
2021-03-22,"16 day ahead cum case",2021-04-07,"GM","Germany","quantile","0.05",2934976.536747
2021-03-22,"17 day ahead cum case",2021-04-08,"GM","Germany","quantile","0.05",2960153.638908
2021-03-22,"18 day ahead cum case",2021-04-09,"GM","Germany","quantile","0.05",2990880.281768
2021-03-22,"19 day ahead cum case",2021-04-10,"GM","Germany","quantile","0.05",3014394.874759
2021-03-22,"20 day ahead cum case",2021-04-11,"GM","Germany","quantile","0.05",3031082.162434
2021-03-22,"21 day ahead cum case",2021-04-12,"GM","Germany","quantile","0.05",3047151.440384
2021-03-22,"22 day ahead cum case",2021-04-13,"GM","Germany","quantile","0.05",3065940.491955
2021-03-22,"23 day ahead cum case",2021-04-14,"GM","Germany","quantile","0.05",3089134.033792
2021-03-22,"24 day ahead cum case",2021-04-15,"GM","Germany","quantile","0.05",3118542.236611
2021-03-22,"25 day ahead cum case",2021-04-16,"GM","Germany","quantile","0.05",3152206.436758
2021-03-22,"26 day ahead cum case",2021-04-17,"GM","Germany","quantile","0.05",3177475.218601
2021-03-22,"27 day ahead cum case",2021-04-18,"GM","Germany","quantile","0.05",3196375.291466
2021-03-22,"28 day ahead cum case",2021-04-19,"GM","Germany","quantile","0.05",3215146.861114
2021-03-22,"29 day ahead cum case",2021-04-20,"GM","Germany","quantile","0.05",3237164.084917
2021-03-22,"30 day ahead cum case",2021-04-21,"GM","Germany","quantile","0.05",3264104.806045
2021-03-22,"1 day ahead cum case",2021-03-23,"GM","Germany","quantile","0.1",2677416.209326
2021-03-22,"2 day ahead cum case",2021-03-24,"GM","Germany","quantile","0.1",2691015.245418
2021-03-22,"3 day ahead cum case",2021-03-25,"GM","Germany","quantile","0.1",2708567.649296
2021-03-22,"4 day ahead cum case",2021-03-26,"GM","Germany","quantile","0.1",2731911.271283
2021-03-22,"5 day ahead cum case",2021-03-27,"GM","Germany","quantile","0.1",2751897.969638
2021-03-22,"6 day ahead cum case",2021-03-28,"GM","Germany","quantile","0.1",2765247.325776
2021-03-22,"7 day ahead cum case",2021-03-29,"GM","Germany","quantile","0.1",2777137.131209
2021-03-22,"8 day ahead cum case",2021-03-30,"GM","Germany","quantile","0.1",2790839.358465
2021-03-22,"9 day ahead cum case",2021-03-31,"GM","Germany","quantile","0.1",2807953.738184
2021-03-22,"10 day ahead cum case",2021-04-01,"GM","Germany","quantile","0.1",2830049.722583
2021-03-22,"11 day ahead cum case",2021-04-02,"GM","Germany","quantile","0.1",2857968.616642
2021-03-22,"12 day ahead cum case",2021-04-03,"GM","Germany","quantile","0.1",2880759.501951
2021-03-22,"13 day ahead cum case",2021-04-04,"GM","Germany","quantile","0.1",2896473.122538
2021-03-22,"14 day ahead cum case",2021-04-05,"GM","Germany","quantile","0.1",2911069.884324
2021-03-22,"15 day ahead cum case",2021-04-06,"GM","Germany","quantile","0.1",2928213.745430
2021-03-22,"16 day ahead cum case",2021-04-07,"GM","Germany","quantile","0.1",2949605.205543
2021-03-22,"17 day ahead cum case",2021-04-08,"GM","Germany","quantile","0.1",2976814.080529
2021-03-22,"18 day ahead cum case",2021-04-09,"GM","Germany","quantile","0.1",3009232.246829
2021-03-22,"19 day ahead cum case",2021-04-10,"GM","Germany","quantile","0.1",3034970.874060
2021-03-22,"20 day ahead cum case",2021-04-11,"GM","Germany","quantile","0.1",3053457.368845
2021-03-22,"21 day ahead cum case",2021-04-12,"GM","Germany","quantile","0.1",3071259.951456
2021-03-22,"22 day ahead cum case",2021-04-13,"GM","Germany","quantile","0.1",3092400.425105
2021-03-22,"23 day ahead cum case",2021-04-14,"GM","Germany","quantile","0.1",3118597.346509
2021-03-22,"24 day ahead cum case",2021-04-15,"GM","Germany","quantile","0.1",3151110.225159
2021-03-22,"25 day ahead cum case",2021-04-16,"GM","Germany","quantile","0.1",3187813.908596
2021-03-22,"26 day ahead cum case",2021-04-17,"GM","Germany","quantile","0.1",3216661.172329
2021-03-22,"27 day ahead cum case",2021-04-18,"GM","Germany","quantile","0.1",3238316.575163
2021-03-22,"28 day ahead cum case",2021-04-19,"GM","Germany","quantile","0.1",3259785.257478
2021-03-22,"29 day ahead cum case",2021-04-20,"GM","Germany","quantile","0.1",3285367.797768
2021-03-22,"30 day ahead cum case",2021-04-21,"GM","Germany","quantile","0.1",3316663.883626
2021-03-22,"1 day ahead cum case",2021-03-23,"GM","Germany","quantile","0.15",2678176.621755
2021-03-22,"2 day ahead cum case",2021-03-24,"GM","Germany","quantile","0.15",2692143.129355
2021-03-22,"3 day ahead cum case",2021-03-25,"GM","Germany","quantile","0.15",2710159.203852
2021-03-22,"4 day ahead cum case",2021-03-26,"GM","Germany","quantile","0.15",2733618.256371
2021-03-22,"5 day ahead cum case",2021-03-27,"GM","Germany","quantile","0.15",2753883.188609
2021-03-22,"6 day ahead cum case",2021-03-28,"GM","Germany","quantile","0.15",2767607.272325
2021-03-22,"7 day ahead cum case",2021-03-29,"GM","Germany","quantile","0.15",2779867.249243
2021-03-22,"8 day ahead cum case",2021-03-30,"GM","Germany","quantile","0.15",2794108.644421
2021-03-22,"9 day ahead cum case",2021-03-31,"GM","Germany","quantile","0.15",2811985.915100
2021-03-22,"10 day ahead cum case",2021-04-01,"GM","Germany","quantile","0.15",2834929.374920
2021-03-22,"11 day ahead cum case",2021-04-02,"GM","Germany","quantile","0.15",2863352.086323
2021-03-22,"12 day ahead cum case",2021-04-03,"GM","Germany","quantile","0.15",2886934.385590
2021-03-22,"13 day ahead cum case",2021-04-04,"GM","Germany","quantile","0.15",2903375.911315
2021-03-22,"14 day ahead cum case",2021-04-05,"GM","Germany","quantile","0.15",2918668.278736
2021-03-22,"15 day ahead cum case",2021-04-06,"GM","Germany","quantile","0.15",2936781.514747
2021-03-22,"16 day ahead cum case",2021-04-07,"GM","Germany","quantile","0.15",2959475.098930
2021-03-22,"17 day ahead cum case",2021-04-08,"GM","Germany","quantile","0.15",2988054.801395
2021-03-22,"18 day ahead cum case",2021-04-09,"GM","Germany","quantile","0.15",3021614.230529
2021-03-22,"19 day ahead cum case",2021-04-10,"GM","Germany","quantile","0.15",3048853.403104
2021-03-22,"20 day ahead cum case",2021-04-11,"GM","Germany","quantile","0.15",3068553.814384
2021-03-22,"21 day ahead cum case",2021-04-12,"GM","Germany","quantile","0.15",3087525.849421
2021-03-22,"22 day ahead cum case",2021-04-13,"GM","Germany","quantile","0.15",3110252.816383
2021-03-22,"23 day ahead cum case",2021-04-14,"GM","Germany","quantile","0.15",3138476.103722
2021-03-22,"24 day ahead cum case",2021-04-15,"GM","Germany","quantile","0.15",3173083.692415
2021-03-22,"25 day ahead cum case",2021-04-16,"GM","Germany","quantile","0.15",3211838.100798
2021-03-22,"26 day ahead cum case",2021-04-17,"GM","Germany","quantile","0.15",3243099.749274
2021-03-22,"27 day ahead cum case",2021-04-18,"GM","Germany","quantile","0.15",3266614.160156
2021-03-22,"28 day ahead cum case",2021-04-19,"GM","Germany","quantile","0.15",3289902.571584
2021-03-22,"29 day ahead cum case",2021-04-20,"GM","Germany","quantile","0.15",3317890.613981
2021-03-22,"30 day ahead cum case",2021-04-21,"GM","Germany","quantile","0.15",3352125.243745
2021-03-22,"1 day ahead cum case",2021-03-23,"GM","Germany","quantile","0.2",2678780.973448
2021-03-22,"2 day ahead cum case",2021-03-24,"GM","Germany","quantile","0.2",2693039.535754
2021-03-22,"3 day ahead cum case",2021-03-25,"GM","Germany","quantile","0.2",2711424.120959
2021-03-22,"4 day ahead cum case",2021-03-26,"GM","Germany","quantile","0.2",2734974.914006
2021-03-22,"5 day ahead cum case",2021-03-27,"GM","Germany","quantile","0.2",2755460.977714
2021-03-22,"6 day ahead cum case",2021-03-28,"GM","Germany","quantile","0.2",2769482.883031
2021-03-22,"7 day ahead cum case",2021-03-29,"GM","Germany","quantile","0.2",2782037.060509
2021-03-22,"8 day ahead cum case",2021-03-30,"GM","Germany","quantile","0.2",2796706.969261
2021-03-22,"9 day ahead cum case",2021-03-31,"GM","Germany","quantile","0.2",2815190.561490
2021-03-22,"10 day ahead cum case",2021-04-01,"GM","Germany","quantile","0.2",2838807.567910
2021-03-22,"11 day ahead cum case",2021-04-02,"GM","Germany","quantile","0.2",2867630.697365
2021-03-22,"12 day ahead cum case",2021-04-03,"GM","Germany","quantile","0.2",2891841.987358
2021-03-22,"13 day ahead cum case",2021-04-04,"GM","Germany","quantile","0.2",2908862.029013
2021-03-22,"14 day ahead cum case",2021-04-05,"GM","Germany","quantile","0.2",2924707.241741
2021-03-22,"15 day ahead cum case",2021-04-06,"GM","Germany","quantile","0.2",2943590.906195
2021-03-22,"16 day ahead cum case",2021-04-07,"GM","Germany","quantile","0.2",2967319.377312
2021-03-22,"17 day ahead cum case",2021-04-08,"GM","Germany","quantile","0.2",2996988.570001
2021-03-22,"18 day ahead cum case",2021-04-09,"GM","Germany","quantile","0.2",3031455.038657
2021-03-22,"19 day ahead cum case",2021-04-10,"GM","Germany","quantile","0.2",3059886.797103
2021-03-22,"20 day ahead cum case",2021-04-11,"GM","Germany","quantile","0.2",3080551.990731
2021-03-22,"21 day ahead cum case",2021-04-12,"GM","Germany","quantile","0.2",3100453.469484
2021-03-22,"22 day ahead cum case",2021-04-13,"GM","Germany","quantile","0.2",3124441.331038
2021-03-22,"23 day ahead cum case",2021-04-14,"GM","Germany","quantile","0.2",3154275.109786
2021-03-22,"24 day ahead cum case",2021-04-15,"GM","Germany","quantile","0.2",3190547.507617
2021-03-22,"25 day ahead cum case",2021-04-16,"GM","Germany","quantile","0.2",3230931.767177
2021-03-22,"26 day ahead cum case",2021-04-17,"GM","Germany","quantile","0.2",3264112.292109
2021-03-22,"27 day ahead cum case",2021-04-18,"GM","Germany","quantile","0.2",3289104.183657
2021-03-22,"28 day ahead cum case",2021-04-19,"GM","Germany","quantile","0.2",3313838.858097
2021-03-22,"29 day ahead cum case",2021-04-20,"GM","Germany","quantile","0.2",3343738.717313
2021-03-22,"30 day ahead cum case",2021-04-21,"GM","Germany","quantile","0.2",3380308.808620
2021-03-22,"1 day ahead cum case",2021-03-23,"GM","Germany","quantile","0.25",2679299.453389
2021-03-22,"2 day ahead cum case",2021-03-24,"GM","Germany","quantile","0.25",2693808.572627
2021-03-22,"3 day ahead cum case",2021-03-25,"GM","Germany","quantile","0.25",2712509.307207
2021-03-22,"4 day ahead cum case",2021-03-26,"GM","Germany","quantile","0.25",2736138.805458
2021-03-22,"5 day ahead cum case",2021-03-27,"GM","Germany","quantile","0.25",2756814.580278
2021-03-22,"6 day ahead cum case",2021-03-28,"GM","Germany","quantile","0.25",2771091.990009
2021-03-22,"7 day ahead cum case",2021-03-29,"GM","Germany","quantile","0.25",2783898.565371
2021-03-22,"8 day ahead cum case",2021-03-30,"GM","Germany","quantile","0.25",2798936.100614
2021-03-22,"9 day ahead cum case",2021-03-31,"GM","Germany","quantile","0.25",2817939.862746
2021-03-22,"10 day ahead cum case",2021-04-01,"GM","Germany","quantile","0.25",2842134.712174
2021-03-22,"11 day ahead cum case",2021-04-02,"GM","Germany","quantile","0.25",2871301.364665
2021-03-22,"12 day ahead cum case",2021-04-03,"GM","Germany","quantile","0.25",2896052.272693
2021-03-22,"13 day ahead cum case",2021-04-04,"GM","Germany","quantile","0.25",2913568.629504
2021-03-22,"14 day ahead cum case",2021-04-05,"GM","Germany","quantile","0.25",2929888.134279
2021-03-22,"15 day ahead cum case",2021-04-06,"GM","Germany","quantile","0.25",2949432.757739
2021-03-22,"16 day ahead cum case",2021-04-07,"GM","Germany","quantile","0.25",2974049.069697
2021-03-22,"17 day ahead cum case",2021-04-08,"GM","Germany","quantile","0.25",3004652.947988
2021-03-22,"18 day ahead cum case",2021-04-09,"GM","Germany","quantile","0.25",3039897.575789
2021-03-22,"19 day ahead cum case",2021-04-10,"GM","Germany","quantile","0.25",3069352.466722
2021-03-22,"20 day ahead cum case",2021-04-11,"GM","Germany","quantile","0.25",3090845.357699
2021-03-22,"21 day ahead cum case",2021-04-12,"GM","Germany","quantile","0.25",3111544.216401
2021-03-22,"22 day ahead cum case",2021-04-13,"GM","Germany","quantile","0.25",3136613.813243
2021-03-22,"23 day ahead cum case",2021-04-14,"GM","Germany","quantile","0.25",3167829.250218
2021-03-22,"24 day ahead cum case",2021-04-15,"GM","Germany","quantile","0.25",3205529.906053
2021-03-22,"25 day ahead cum case",2021-04-16,"GM","Germany","quantile","0.25",3247312.432799
2021-03-22,"26 day ahead cum case",2021-04-17,"GM","Germany","quantile","0.25",3282139.182870
2021-03-22,"27 day ahead cum case",2021-04-18,"GM","Germany","quantile","0.25",3308398.621271
2021-03-22,"28 day ahead cum case",2021-04-19,"GM","Germany","quantile","0.25",3334374.060598
2021-03-22,"29 day ahead cum case",2021-04-20,"GM","Germany","quantile","0.25",3365914.088413
2021-03-22,"30 day ahead cum case",2021-04-21,"GM","Germany","quantile","0.25",3404487.797770
2021-03-22,"1 day ahead cum case",2021-03-23,"GM","Germany","quantile","0.3",2679765.064399
2021-03-22,"2 day ahead cum case",2021-03-24,"GM","Germany","quantile","0.3",2694499.191507
2021-03-22,"3 day ahead cum case",2021-03-25,"GM","Germany","quantile","0.3",2713483.837997
2021-03-22,"4 day ahead cum case",2021-03-26,"GM","Germany","quantile","0.3",2737184.015954
2021-03-22,"5 day ahead cum case",2021-03-27,"GM","Germany","quantile","0.3",2758030.157215
2021-03-22,"6 day ahead cum case",2021-03-28,"GM","Germany","quantile","0.3",2772537.017807
2021-03-22,"7 day ahead cum case",2021-03-29,"GM","Germany","quantile","0.3",2785570.254270
2021-03-22,"8 day ahead cum case",2021-03-30,"GM","Germany","quantile","0.3",2800937.929463
2021-03-22,"9 day ahead cum case",2021-03-31,"GM","Germany","quantile","0.3",2820408.820245
2021-03-22,"10 day ahead cum case",2021-04-01,"GM","Germany","quantile","0.3",2845122.590553
2021-03-22,"11 day ahead cum case",2021-04-02,"GM","Germany","quantile","0.3",2874597.737347
2021-03-22,"12 day ahead cum case",2021-04-03,"GM","Germany","quantile","0.3",2899833.239049
2021-03-22,"13 day ahead cum case",2021-04-04,"GM","Germany","quantile","0.3",2917795.302208
2021-03-22,"14 day ahead cum case",2021-04-05,"GM","Germany","quantile","0.3",2934540.735901
2021-03-22,"15 day ahead cum case",2021-04-06,"GM","Germany","quantile","0.3",2954678.920975
2021-03-22,"16 day ahead cum case",2021-04-07,"GM","Germany","quantile","0.3",2980092.541447
2021-03-22,"17 day ahead cum case",2021-04-08,"GM","Germany","quantile","0.3",3011535.796297
2021-03-22,"18 day ahead cum case",2021-04-09,"GM","Germany","quantile","0.3",3047479.235060
2021-03-22,"19 day ahead cum case",2021-04-10,"GM","Germany","quantile","0.3",3077852.930589
2021-03-22,"20 day ahead cum case",2021-04-11,"GM","Germany","quantile","0.3",3100089.119366
2021-03-22,"21 day ahead cum case",2021-04-12,"GM","Germany","quantile","0.3",3121504.049907
2021-03-22,"22 day ahead cum case",2021-04-13,"GM","Germany","quantile","0.3",3147545.078469
2021-03-22,"23 day ahead cum case",2021-04-14,"GM","Germany","quantile","0.3",3180001.287234
2021-03-22,"24 day ahead cum case",2021-04-15,"GM","Germany","quantile","0.3",3218984.562899
2021-03-22,"25 day ahead cum case",2021-04-16,"GM","Germany","quantile","0.3",3262022.776793
2021-03-22,"26 day ahead cum case",2021-04-17,"GM","Germany","quantile","0.3",3298327.887918
2021-03-22,"27 day ahead cum case",2021-04-18,"GM","Germany","quantile","0.3",3325725.622568
2021-03-22,"28 day ahead cum case",2021-04-19,"GM","Germany","quantile","0.3",3352815.307110
2021-03-22,"29 day ahead cum case",2021-04-20,"GM","Germany","quantile","0.3",3385828.257019
2021-03-22,"30 day ahead cum case",2021-04-21,"GM","Germany","quantile","0.3",3426201.277310
2021-03-22,"1 day ahead cum case",2021-03-23,"GM","Germany","quantile","0.35",2680196.522391
2021-03-22,"2 day ahead cum case",2021-03-24,"GM","Germany","quantile","0.35",2695139.152822
2021-03-22,"3 day ahead cum case",2021-03-25,"GM","Germany","quantile","0.35",2714386.886008
2021-03-22,"4 day ahead cum case",2021-03-26,"GM","Germany","quantile","0.35",2738152.559245
2021-03-22,"5 day ahead cum case",2021-03-27,"GM","Germany","quantile","0.35",2759156.570404
2021-03-22,"6 day ahead cum case",2021-03-28,"GM","Germany","quantile","0.35",2773876.051414
2021-03-22,"7 day ahead cum case",2021-03-29,"GM","Germany","quantile","0.35",2787119.323167
2021-03-22,"8 day ahead cum case",2021-03-30,"GM","Germany","quantile","0.35",2802792.922224
2021-03-22,"9 day ahead cum case",2021-03-31,"GM","Germany","quantile","0.35",2822696.677315
2021-03-22,"10 day ahead cum case",2021-04-01,"GM","Germany","quantile","0.35",2847891.305154
2021-03-22,"11 day ahead cum case",2021-04-02,"GM","Germany","quantile","0.35",2877652.317894
2021-03-22,"12 day ahead cum case",2021-04-03,"GM","Germany","quantile","0.35",2903336.867855
2021-03-22,"13 day ahead cum case",2021-04-04,"GM","Germany","quantile","0.35",2921711.944369
2021-03-22,"14 day ahead cum case",2021-04-05,"GM","Germany","quantile","0.35",2938852.064680
2021-03-22,"15 day ahead cum case",2021-04-06,"GM","Germany","quantile","0.35",2959540.273048
2021-03-22,"16 day ahead cum case",2021-04-07,"GM","Germany","quantile","0.35",2985692.718682
2021-03-22,"17 day ahead cum case",2021-04-08,"GM","Germany","quantile","0.35",3017913.781005
2021-03-22,"18 day ahead cum case",2021-04-09,"GM","Germany","quantile","0.35",3054504.772269
2021-03-22,"19 day ahead cum case",2021-04-10,"GM","Germany","quantile","0.35",3085729.877184
2021-03-22,"20 day ahead cum case",2021-04-11,"GM","Germany","quantile","0.35",3108654.842146
2021-03-22,"21 day ahead cum case",2021-04-12,"GM","Germany","quantile","0.35",3130733.319962
2021-03-22,"22 day ahead cum case",2021-04-13,"GM","Germany","quantile","0.35",3157674.524786
2021-03-22,"23 day ahead cum case",2021-04-14,"GM","Germany","quantile","0.35",3191280.493526
2021-03-22,"24 day ahead cum case",2021-04-15,"GM","Germany","quantile","0.35",3231452.307612
2021-03-22,"25 day ahead cum case",2021-04-16,"GM","Germany","quantile","0.35",3275654.102782
2021-03-22,"26 day ahead cum case",2021-04-17,"GM","Germany","quantile","0.35",3313329.135744
2021-03-22,"27 day ahead cum case",2021-04-18,"GM","Germany","quantile","0.35",3341781.671509
2021-03-22,"28 day ahead cum case",2021-04-19,"GM","Germany","quantile","0.35",3369903.870300
2021-03-22,"29 day ahead cum case",2021-04-20,"GM","Germany","quantile","0.35",3404281.702037
2021-03-22,"30 day ahead cum case",2021-04-21,"GM","Germany","quantile","0.35",3446322.052059
2021-03-22,"1 day ahead cum case",2021-03-23,"GM","Germany","quantile","0.4",2680605.933832
2021-03-22,"2 day ahead cum case",2021-03-24,"GM","Germany","quantile","0.4",2695746.413528
2021-03-22,"3 day ahead cum case",2021-03-25,"GM","Germany","quantile","0.4",2715243.790261
2021-03-22,"4 day ahead cum case",2021-03-26,"GM","Germany","quantile","0.4",2739071.612115
2021-03-22,"5 day ahead cum case",2021-03-27,"GM","Germany","quantile","0.4",2760225.426368
2021-03-22,"6 day ahead cum case",2021-03-28,"GM","Germany","quantile","0.4",2775146.663363
2021-03-22,"7 day ahead cum case",2021-03-29,"GM","Germany","quantile","0.4",2788589.238066
2021-03-22,"8 day ahead cum case",2021-03-30,"GM","Germany","quantile","0.4",2804553.128954
2021-03-22,"9 day ahead cum case",2021-03-31,"GM","Germany","quantile","0.4",2824867.629945
2021-03-22,"10 day ahead cum case",2021-04-01,"GM","Germany","quantile","0.4",2850518.544557
2021-03-22,"11 day ahead cum case",2021-04-02,"GM","Germany","quantile","0.4",2880550.816126
2021-03-22,"12 day ahead cum case",2021-04-03,"GM","Germany","quantile","0.4",2906661.468970
2021-03-22,"13 day ahead cum case",2021-04-04,"GM","Germany","quantile","0.4",2925428.454771
2021-03-22,"14 day ahead cum case",2021-04-05,"GM","Germany","quantile","0.4",2942943.094085
2021-03-22,"15 day ahead cum case",2021-04-06,"GM","Germany","quantile","0.4",2964153.220772
2021-03-22,"16 day ahead cum case",2021-04-07,"GM","Germany","quantile","0.4",2991006.739235
2021-03-22,"17 day ahead cum case",2021-04-08,"GM","Germany","quantile","0.4",3023965.864788
2021-03-22,"18 day ahead cum case",2021-04-09,"GM","Germany","quantile","0.4",3061171.320051
2021-03-22,"19 day ahead cum case",2021-04-10,"GM","Germany","quantile","0.4",3093204.329214
2021-03-22,"20 day ahead cum case",2021-04-11,"GM","Germany","quantile","0.4",3116782.875421
2021-03-22,"21 day ahead cum case",2021-04-12,"GM","Germany","quantile","0.4",3139490.994711
2021-03-22,"22 day ahead cum case",2021-04-13,"GM","Germany","quantile","0.4",3167286.378779
2021-03-22,"23 day ahead cum case",2021-04-14,"GM","Germany","quantile","0.4",3201983.357301
2021-03-22,"24 day ahead cum case",2021-04-15,"GM","Germany","quantile","0.4",3243282.978121
2021-03-22,"25 day ahead cum case",2021-04-16,"GM","Germany","quantile","0.4",3288588.898136
2021-03-22,"26 day ahead cum case",2021-04-17,"GM","Germany","quantile","0.4",3327563.852955
2021-03-22,"27 day ahead cum case",2021-04-18,"GM","Germany","quantile","0.4",3357017.291830
2021-03-22,"28 day ahead cum case",2021-04-19,"GM","Germany","quantile","0.4",3386119.245672
2021-03-22,"29 day ahead cum case",2021-04-20,"GM","Germany","quantile","0.4",3421792.216793
2021-03-22,"30 day ahead cum case",2021-04-21,"GM","Germany","quantile","0.4",3465414.699681
2021-03-22,"1 day ahead cum case",2021-03-23,"GM","Germany","quantile","0.45",2681002.044140
2021-03-22,"2 day ahead cum case",2021-03-24,"GM","Germany","quantile","0.45",2696333.945289
2021-03-22,"3 day ahead cum case",2021-03-25,"GM","Germany","quantile","0.45",2716072.855042
2021-03-22,"4 day ahead cum case",2021-03-26,"GM","Germany","quantile","0.45",2739960.806403
2021-03-22,"5 day ahead cum case",2021-03-27,"GM","Germany","quantile","0.45",2761259.556884
2021-03-22,"6 day ahead cum case",2021-03-28,"GM","Germany","quantile","0.45",2776375.995127
2021-03-22,"7 day ahead cum case",2021-03-29,"GM","Germany","quantile","0.45",2790011.397741
2021-03-22,"8 day ahead cum case",2021-03-30,"GM","Germany","quantile","0.45",2806256.149336
2021-03-22,"9 day ahead cum case",2021-03-31,"GM","Germany","quantile","0.45",2826968.051739
2021-03-22,"10 day ahead cum case",2021-04-01,"GM","Germany","quantile","0.45",2853060.429085
2021-03-22,"11 day ahead cum case",2021-04-02,"GM","Germany","quantile","0.45",2883355.146709
2021-03-22,"12 day ahead cum case",2021-04-03,"GM","Germany","quantile","0.45",2909878.059025
2021-03-22,"13 day ahead cum case",2021-04-04,"GM","Germany","quantile","0.45",2929024.221595
2021-03-22,"14 day ahead cum case",2021-04-05,"GM","Germany","quantile","0.45",2946901.212380
2021-03-22,"15 day ahead cum case",2021-04-06,"GM","Germany","quantile","0.45",2968616.301081
2021-03-22,"16 day ahead cum case",2021-04-07,"GM","Germany","quantile","0.45",2996148.115619
2021-03-22,"17 day ahead cum case",2021-04-08,"GM","Germany","quantile","0.45",3029821.325889
2021-03-22,"18 day ahead cum case",2021-04-09,"GM","Germany","quantile","0.45",3067621.282181
2021-03-22,"19 day ahead cum case",2021-04-10,"GM","Germany","quantile","0.45",3100435.948055
2021-03-22,"20 day ahead cum case",2021-04-11,"GM","Germany","quantile","0.45",3124646.841679
2021-03-22,"21 day ahead cum case",2021-04-12,"GM","Germany","quantile","0.45",3147964.146383
2021-03-22,"22 day ahead cum case",2021-04-13,"GM","Germany","quantile","0.45",3176585.958755
2021-03-22,"23 day ahead cum case",2021-04-14,"GM","Germany","quantile","0.45",3212338.501867
2021-03-22,"24 day ahead cum case",2021-04-15,"GM","Germany","quantile","0.45",3254729.288753
2021-03-22,"25 day ahead cum case",2021-04-16,"GM","Germany","quantile","0.45",3301103.462335
2021-03-22,"26 day ahead cum case",2021-04-17,"GM","Germany","quantile","0.45",3341336.106594
2021-03-22,"27 day ahead cum case",2021-04-18,"GM","Germany","quantile","0.45",3371757.930811
2021-03-22,"28 day ahead cum case",2021-04-19,"GM","Germany","quantile","0.45",3401807.809004
2021-03-22,"29 day ahead cum case",2021-04-20,"GM","Germany","quantile","0.45",3438733.842467
2021-03-22,"30 day ahead cum case",2021-04-21,"GM","Germany","quantile","0.45",3483887.057213
2021-03-22,"1 day ahead cum case",2021-03-23,"GM","Germany","quantile","0.5",2681391.874268
2021-03-22,"2 day ahead cum case",2021-03-24,"GM","Germany","quantile","0.5",2696912.161956
2021-03-22,"3 day ahead cum case",2021-03-25,"GM","Germany","quantile","0.5",2716888.775315
2021-03-22,"4 day ahead cum case",2021-03-26,"GM","Germany","quantile","0.5",2740835.902851
2021-03-22,"5 day ahead cum case",2021-03-27,"GM","Germany","quantile","0.5",2762277.291650
2021-03-22,"6 day ahead cum case",2021-03-28,"GM","Germany","quantile","0.5",2777585.836302
2021-03-22,"7 day ahead cum case",2021-03-29,"GM","Germany","quantile","0.5",2791411.009613
2021-03-22,"8 day ahead cum case",2021-03-30,"GM","Germany","quantile","0.5",2807932.168974
2021-03-22,"9 day ahead cum case",2021-03-31,"GM","Germany","quantile","0.5",2829035.172139
2021-03-22,"10 day ahead cum case",2021-04-01,"GM","Germany","quantile","0.5",2855562.012993
2021-03-22,"11 day ahead cum case",2021-04-02,"GM","Germany","quantile","0.5",2886115.015690
2021-03-22,"12 day ahead cum case",2021-04-03,"GM","Germany","quantile","0.5",2913043.651260
2021-03-22,"13 day ahead cum case",2021-04-04,"GM","Germany","quantile","0.5",2932562.978894
2021-03-22,"14 day ahead cum case",2021-04-05,"GM","Germany","quantile","0.5",2950796.576204
2021-03-22,"15 day ahead cum case",2021-04-06,"GM","Germany","quantile","0.5",2973008.620937
2021-03-22,"16 day ahead cum case",2021-04-07,"GM","Germany","quantile","0.5",3001207.977422
2021-03-22,"17 day ahead cum case",2021-04-08,"GM","Germany","quantile","0.5",3035583.950866
2021-03-22,"18 day ahead cum case",2021-04-09,"GM","Germany","quantile","0.5",3073968.982599
2021-03-22,"19 day ahead cum case",2021-04-10,"GM","Germany","quantile","0.5",3107552.912310
2021-03-22,"20 day ahead cum case",2021-04-11,"GM","Germany","quantile","0.5",3132386.127723
2021-03-22,"21 day ahead cum case",2021-04-12,"GM","Germany","quantile","0.5",3156302.959437
2021-03-22,"22 day ahead cum case",2021-04-13,"GM","Germany","quantile","0.5",3185738.097404
2021-03-22,"23 day ahead cum case",2021-04-14,"GM","Germany","quantile","0.5",3222529.469528
2021-03-22,"24 day ahead cum case",2021-04-15,"GM","Germany","quantile","0.5",3265994.122455
2021-03-22,"25 day ahead cum case",2021-04-16,"GM","Germany","quantile","0.5",3313419.612846
2021-03-22,"26 day ahead cum case",2021-04-17,"GM","Germany","quantile","0.5",3354890.006355
2021-03-22,"27 day ahead cum case",2021-04-18,"GM","Germany","quantile","0.5",3386264.862530
2021-03-22,"28 day ahead cum case",2021-04-19,"GM","Germany","quantile","0.5",3417247.636091
2021-03-22,"29 day ahead cum case",2021-04-20,"GM","Germany","quantile","0.5",3455406.865066
2021-03-22,"30 day ahead cum case",2021-04-21,"GM","Germany","quantile","0.5",3502066.542495
2021-03-22,"1 day ahead cum case",2021-03-23,"GM","Germany","quantile","0.55",2681781.704396
2021-03-22,"2 day ahead cum case",2021-03-24,"GM","Germany","quantile","0.55",2697490.378622
2021-03-22,"3 day ahead cum case",2021-03-25,"GM","Germany","quantile","0.55",2717704.695588
2021-03-22,"4 day ahead cum case",2021-03-26,"GM","Germany","quantile","0.55",2741710.999299
2021-03-22,"5 day ahead cum case",2021-03-27,"GM","Germany","quantile","0.55",2763295.026417
2021-03-22,"6 day ahead cum case",2021-03-28,"GM","Germany","quantile","0.55",2778795.677476
2021-03-22,"7 day ahead cum case",2021-03-29,"GM","Germany","quantile","0.55",2792810.621484
2021-03-22,"8 day ahead cum case",2021-03-30,"GM","Germany","quantile","0.55",2809608.188611
2021-03-22,"9 day ahead cum case",2021-03-31,"GM","Germany","quantile","0.55",2831102.292538
2021-03-22,"10 day ahead cum case",2021-04-01,"GM","Germany","quantile","0.55",2858063.596902
2021-03-22,"11 day ahead cum case",2021-04-02,"GM","Germany","quantile","0.55",2888874.884671
2021-03-22,"12 day ahead cum case",2021-04-03,"GM","Germany","quantile","0.55",2916209.243494
2021-03-22,"13 day ahead cum case",2021-04-04,"GM","Germany","quantile","0.55",2936101.736194
2021-03-22,"14 day ahead cum case",2021-04-05,"GM","Germany","quantile","0.55",2954691.940029
2021-03-22,"15 day ahead cum case",2021-04-06,"GM","Germany","quantile","0.55",2977400.940794
2021-03-22,"16 day ahead cum case",2021-04-07,"GM","Germany","quantile","0.55",3006267.839226
2021-03-22,"17 day ahead cum case",2021-04-08,"GM","Germany","quantile","0.55",3041346.575843
2021-03-22,"18 day ahead cum case",2021-04-09,"GM","Germany","quantile","0.55",3080316.683017
2021-03-22,"19 day ahead cum case",2021-04-10,"GM","Germany","quantile","0.55",3114669.876566
2021-03-22,"20 day ahead cum case",2021-04-11,"GM","Germany","quantile","0.55",3140125.413767
2021-03-22,"21 day ahead cum case",2021-04-12,"GM","Germany","quantile","0.55",3164641.772490
2021-03-22,"22 day ahead cum case",2021-04-13,"GM","Germany","quantile","0.55",3194890.236053
2021-03-22,"23 day ahead cum case",2021-04-14,"GM","Germany","quantile","0.55",3232720.437189
2021-03-22,"24 day ahead cum case",2021-04-15,"GM","Germany","quantile","0.55",3277258.956157
2021-03-22,"25 day ahead cum case",2021-04-16,"GM","Germany","quantile","0.55",3325735.763356
2021-03-22,"26 day ahead cum case",2021-04-17,"GM","Germany","quantile","0.55",3368443.906116
2021-03-22,"27 day ahead cum case",2021-04-18,"GM","Germany","quantile","0.55",3400771.794248
2021-03-22,"28 day ahead cum case",2021-04-19,"GM","Germany","quantile","0.55",3432687.463178
2021-03-22,"29 day ahead cum case",2021-04-20,"GM","Germany","quantile","0.55",3472079.887666
2021-03-22,"30 day ahead cum case",2021-04-21,"GM","Germany","quantile","0.55",3520246.027777
2021-03-22,"1 day ahead cum case",2021-03-23,"GM","Germany","quantile","0.6",2682177.814704
2021-03-22,"2 day ahead cum case",2021-03-24,"GM","Germany","quantile","0.6",2698077.910383
2021-03-22,"3 day ahead cum case",2021-03-25,"GM","Germany","quantile","0.6",2718533.760369
2021-03-22,"4 day ahead cum case",2021-03-26,"GM","Germany","quantile","0.6",2742600.193586
2021-03-22,"5 day ahead cum case",2021-03-27,"GM","Germany","quantile","0.6",2764329.156932
2021-03-22,"6 day ahead cum case",2021-03-28,"GM","Germany","quantile","0.6",2780025.009241
2021-03-22,"7 day ahead cum case",2021-03-29,"GM","Germany","quantile","0.6",2794232.781160
2021-03-22,"8 day ahead cum case",2021-03-30,"GM","Germany","quantile","0.6",2811311.208993
2021-03-22,"9 day ahead cum case",2021-03-31,"GM","Germany","quantile","0.6",2833202.714332
2021-03-22,"10 day ahead cum case",2021-04-01,"GM","Germany","quantile","0.6",2860605.481429
2021-03-22,"11 day ahead cum case",2021-04-02,"GM","Germany","quantile","0.6",2891679.215254
2021-03-22,"12 day ahead cum case",2021-04-03,"GM","Germany","quantile","0.6",2919425.833549
2021-03-22,"13 day ahead cum case",2021-04-04,"GM","Germany","quantile","0.6",2939697.503018
2021-03-22,"14 day ahead cum case",2021-04-05,"GM","Germany","quantile","0.6",2958650.058324
2021-03-22,"15 day ahead cum case",2021-04-06,"GM","Germany","quantile","0.6",2981864.021102
2021-03-22,"16 day ahead cum case",2021-04-07,"GM","Germany","quantile","0.6",3011409.215609
2021-03-22,"17 day ahead cum case",2021-04-08,"GM","Germany","quantile","0.6",3047202.036944
2021-03-22,"18 day ahead cum case",2021-04-09,"GM","Germany","quantile","0.6",3086766.645147
2021-03-22,"19 day ahead cum case",2021-04-10,"GM","Germany","quantile","0.6",3121901.495407
2021-03-22,"20 day ahead cum case",2021-04-11,"GM","Germany","quantile","0.6",3147989.380026
2021-03-22,"21 day ahead cum case",2021-04-12,"GM","Germany","quantile","0.6",3173114.924162
2021-03-22,"22 day ahead cum case",2021-04-13,"GM","Germany","quantile","0.6",3204189.816029
2021-03-22,"23 day ahead cum case",2021-04-14,"GM","Germany","quantile","0.6",3243075.581754
2021-03-22,"24 day ahead cum case",2021-04-15,"GM","Germany","quantile","0.6",3288705.266789
2021-03-22,"25 day ahead cum case",2021-04-16,"GM","Germany","quantile","0.6",3338250.327555
2021-03-22,"26 day ahead cum case",2021-04-17,"GM","Germany","quantile","0.6",3382216.159756
2021-03-22,"27 day ahead cum case",2021-04-18,"GM","Germany","quantile","0.6",3415512.433229
2021-03-22,"28 day ahead cum case",2021-04-19,"GM","Germany","quantile","0.6",3448376.026510
2021-03-22,"29 day ahead cum case",2021-04-20,"GM","Germany","quantile","0.6",3489021.513340
2021-03-22,"30 day ahead cum case",2021-04-21,"GM","Germany","quantile","0.6",3538718.385309
2021-03-22,"1 day ahead cum case",2021-03-23,"GM","Germany","quantile","0.65",2682587.226145
2021-03-22,"2 day ahead cum case",2021-03-24,"GM","Germany","quantile","0.65",2698685.171089
2021-03-22,"3 day ahead cum case",2021-03-25,"GM","Germany","quantile","0.65",2719390.664622
2021-03-22,"4 day ahead cum case",2021-03-26,"GM","Germany","quantile","0.65",2743519.246456
2021-03-22,"5 day ahead cum case",2021-03-27,"GM","Germany","quantile","0.65",2765398.012897
2021-03-22,"6 day ahead cum case",2021-03-28,"GM","Germany","quantile","0.65",2781295.621189
2021-03-22,"7 day ahead cum case",2021-03-29,"GM","Germany","quantile","0.65",2795702.696059
2021-03-22,"8 day ahead cum case",2021-03-30,"GM","Germany","quantile","0.65",2813071.415723
2021-03-22,"9 day ahead cum case",2021-03-31,"GM","Germany","quantile","0.65",2835373.666962
2021-03-22,"10 day ahead cum case",2021-04-01,"GM","Germany","quantile","0.65",2863232.720832
2021-03-22,"11 day ahead cum case",2021-04-02,"GM","Germany","quantile","0.65",2894577.713485
2021-03-22,"12 day ahead cum case",2021-04-03,"GM","Germany","quantile","0.65",2922750.434665
2021-03-22,"13 day ahead cum case",2021-04-04,"GM","Germany","quantile","0.65",2943414.013420
2021-03-22,"14 day ahead cum case",2021-04-05,"GM","Germany","quantile","0.65",2962741.087729
2021-03-22,"15 day ahead cum case",2021-04-06,"GM","Germany","quantile","0.65",2986476.968827
2021-03-22,"16 day ahead cum case",2021-04-07,"GM","Germany","quantile","0.65",3016723.236162
2021-03-22,"17 day ahead cum case",2021-04-08,"GM","Germany","quantile","0.65",3053254.120728
2021-03-22,"18 day ahead cum case",2021-04-09,"GM","Germany","quantile","0.65",3093433.192929
2021-03-22,"19 day ahead cum case",2021-04-10,"GM","Germany","quantile","0.65",3129375.947437
2021-03-22,"20 day ahead cum case",2021-04-11,"GM","Germany","quantile","0.65",3156117.413300
2021-03-22,"21 day ahead cum case",2021-04-12,"GM","Germany","quantile","0.65",3181872.598912
2021-03-22,"22 day ahead cum case",2021-04-13,"GM","Germany","quantile","0.65",3213801.670022
2021-03-22,"23 day ahead cum case",2021-04-14,"GM","Germany","quantile","0.65",3253778.445529
2021-03-22,"24 day ahead cum case",2021-04-15,"GM","Germany","quantile","0.65",3300535.937298
2021-03-22,"25 day ahead cum case",2021-04-16,"GM","Germany","quantile","0.65",3351185.122909
2021-03-22,"26 day ahead cum case",2021-04-17,"GM","Germany","quantile","0.65",3396450.876967
2021-03-22,"27 day ahead cum case",2021-04-18,"GM","Germany","quantile","0.65",3430748.053550
2021-03-22,"28 day ahead cum case",2021-04-19,"GM","Germany","quantile","0.65",3464591.401883
2021-03-22,"29 day ahead cum case",2021-04-20,"GM","Germany","quantile","0.65",3506532.028096
2021-03-22,"30 day ahead cum case",2021-04-21,"GM","Germany","quantile","0.65",3557811.032931
2021-03-22,"1 day ahead cum case",2021-03-23,"GM","Germany","quantile","0.7",2683018.684137
2021-03-22,"2 day ahead cum case",2021-03-24,"GM","Germany","quantile","0.7",2699325.132404
2021-03-22,"3 day ahead cum case",2021-03-25,"GM","Germany","quantile","0.7",2720293.712633
2021-03-22,"4 day ahead cum case",2021-03-26,"GM","Germany","quantile","0.7",2744487.789747
2021-03-22,"5 day ahead cum case",2021-03-27,"GM","Germany","quantile","0.7",2766524.426086
2021-03-22,"6 day ahead cum case",2021-03-28,"GM","Germany","quantile","0.7",2782634.654796
2021-03-22,"7 day ahead cum case",2021-03-29,"GM","Germany","quantile","0.7",2797251.764955
2021-03-22,"8 day ahead cum case",2021-03-30,"GM","Germany","quantile","0.7",2814926.408484
2021-03-22,"9 day ahead cum case",2021-03-31,"GM","Germany","quantile","0.7",2837661.524033
2021-03-22,"10 day ahead cum case",2021-04-01,"GM","Germany","quantile","0.7",2866001.435433
2021-03-22,"11 day ahead cum case",2021-04-02,"GM","Germany","quantile","0.7",2897632.294033
2021-03-22,"12 day ahead cum case",2021-04-03,"GM","Germany","quantile","0.7",2926254.063470
2021-03-22,"13 day ahead cum case",2021-04-04,"GM","Germany","quantile","0.7",2947330.655581
2021-03-22,"14 day ahead cum case",2021-04-05,"GM","Germany","quantile","0.7",2967052.416508
2021-03-22,"15 day ahead cum case",2021-04-06,"GM","Germany","quantile","0.7",2991338.320899
2021-03-22,"16 day ahead cum case",2021-04-07,"GM","Germany","quantile","0.7",3022323.413397
2021-03-22,"17 day ahead cum case",2021-04-08,"GM","Germany","quantile","0.7",3059632.105436
2021-03-22,"18 day ahead cum case",2021-04-09,"GM","Germany","quantile","0.7",3100458.730137
2021-03-22,"19 day ahead cum case",2021-04-10,"GM","Germany","quantile","0.7",3137252.894032
2021-03-22,"20 day ahead cum case",2021-04-11,"GM","Germany","quantile","0.7",3164683.136081
2021-03-22,"21 day ahead cum case",2021-04-12,"GM","Germany","quantile","0.7",3191101.868967
2021-03-22,"22 day ahead cum case",2021-04-13,"GM","Germany","quantile","0.7",3223931.116338
2021-03-22,"23 day ahead cum case",2021-04-14,"GM","Germany","quantile","0.7",3265057.651821
2021-03-22,"24 day ahead cum case",2021-04-15,"GM","Germany","quantile","0.7",3313003.682011
2021-03-22,"25 day ahead cum case",2021-04-16,"GM","Germany","quantile","0.7",3364816.448898
2021-03-22,"26 day ahead cum case",2021-04-17,"GM","Germany","quantile","0.7",3411452.124793
2021-03-22,"27 day ahead cum case",2021-04-18,"GM","Germany","quantile","0.7",3446804.102491
2021-03-22,"28 day ahead cum case",2021-04-19,"GM","Germany","quantile","0.7",3481679.965072
2021-03-22,"29 day ahead cum case",2021-04-20,"GM","Germany","quantile","0.7",3524985.473114
2021-03-22,"30 day ahead cum case",2021-04-21,"GM","Germany","quantile","0.7",3577931.807680
2021-03-22,"1 day ahead cum case",2021-03-23,"GM","Germany","quantile","0.75",2683484.295147
2021-03-22,"2 day ahead cum case",2021-03-24,"GM","Germany","quantile","0.75",2700015.751284
2021-03-22,"3 day ahead cum case",2021-03-25,"GM","Germany","quantile","0.75",2721268.243423
2021-03-22,"4 day ahead cum case",2021-03-26,"GM","Germany","quantile","0.75",2745533.000243
2021-03-22,"5 day ahead cum case",2021-03-27,"GM","Germany","quantile","0.75",2767740.003023
2021-03-22,"6 day ahead cum case",2021-03-28,"GM","Germany","quantile","0.75",2784079.682594
2021-03-22,"7 day ahead cum case",2021-03-29,"GM","Germany","quantile","0.75",2798923.453854
2021-03-22,"8 day ahead cum case",2021-03-30,"GM","Germany","quantile","0.75",2816928.237334
2021-03-22,"9 day ahead cum case",2021-03-31,"GM","Germany","quantile","0.75",2840130.481531
2021-03-22,"10 day ahead cum case",2021-04-01,"GM","Germany","quantile","0.75",2868989.313812
2021-03-22,"11 day ahead cum case",2021-04-02,"GM","Germany","quantile","0.75",2900928.666715
2021-03-22,"12 day ahead cum case",2021-04-03,"GM","Germany","quantile","0.75",2930035.029826
2021-03-22,"13 day ahead cum case",2021-04-04,"GM","Germany","quantile","0.75",2951557.328285
2021-03-22,"14 day ahead cum case",2021-04-05,"GM","Germany","quantile","0.75",2971705.018129
2021-03-22,"15 day ahead cum case",2021-04-06,"GM","Germany","quantile","0.75",2996584.484135
2021-03-22,"16 day ahead cum case",2021-04-07,"GM","Germany","quantile","0.75",3028366.885148
2021-03-22,"17 day ahead cum case",2021-04-08,"GM","Germany","quantile","0.75",3066514.953745
2021-03-22,"18 day ahead cum case",2021-04-09,"GM","Germany","quantile","0.75",3108040.389409
2021-03-22,"19 day ahead cum case",2021-04-10,"GM","Germany","quantile","0.75",3145753.357899
2021-03-22,"20 day ahead cum case",2021-04-11,"GM","Germany","quantile","0.75",3173926.897748
2021-03-22,"21 day ahead cum case",2021-04-12,"GM","Germany","quantile","0.75",3201061.702472
2021-03-22,"22 day ahead cum case",2021-04-13,"GM","Germany","quantile","0.75",3234862.381565
2021-03-22,"23 day ahead cum case",2021-04-14,"GM","Germany","quantile","0.75",3277229.688838
2021-03-22,"24 day ahead cum case",2021-04-15,"GM","Germany","quantile","0.75",3326458.338857
2021-03-22,"25 day ahead cum case",2021-04-16,"GM","Germany","quantile","0.75",3379526.792892
2021-03-22,"26 day ahead cum case",2021-04-17,"GM","Germany","quantile","0.75",3427640.829841
2021-03-22,"27 day ahead cum case",2021-04-18,"GM","Germany","quantile","0.75",3464131.103788
2021-03-22,"28 day ahead cum case",2021-04-19,"GM","Germany","quantile","0.75",3500121.211585
2021-03-22,"29 day ahead cum case",2021-04-20,"GM","Germany","quantile","0.75",3544899.641720
2021-03-22,"30 day ahead cum case",2021-04-21,"GM","Germany","quantile","0.75",3599645.287220
2021-03-22,"1 day ahead cum case",2021-03-23,"GM","Germany","quantile","0.8",2684002.775088
2021-03-22,"2 day ahead cum case",2021-03-24,"GM","Germany","quantile","0.8",2700784.788157
2021-03-22,"3 day ahead cum case",2021-03-25,"GM","Germany","quantile","0.8",2722353.429670
2021-03-22,"4 day ahead cum case",2021-03-26,"GM","Germany","quantile","0.8",2746696.891695
2021-03-22,"5 day ahead cum case",2021-03-27,"GM","Germany","quantile","0.8",2769093.605586
2021-03-22,"6 day ahead cum case",2021-03-28,"GM","Germany","quantile","0.8",2785688.789572
2021-03-22,"7 day ahead cum case",2021-03-29,"GM","Germany","quantile","0.8",2800784.958717
2021-03-22,"8 day ahead cum case",2021-03-30,"GM","Germany","quantile","0.8",2819157.368687
2021-03-22,"9 day ahead cum case",2021-03-31,"GM","Germany","quantile","0.8",2842879.782787
2021-03-22,"10 day ahead cum case",2021-04-01,"GM","Germany","quantile","0.8",2872316.458076
2021-03-22,"11 day ahead cum case",2021-04-02,"GM","Germany","quantile","0.8",2904599.334014
2021-03-22,"12 day ahead cum case",2021-04-03,"GM","Germany","quantile","0.8",2934245.315162
2021-03-22,"13 day ahead cum case",2021-04-04,"GM","Germany","quantile","0.8",2956263.928776
2021-03-22,"14 day ahead cum case",2021-04-05,"GM","Germany","quantile","0.8",2976885.910668
2021-03-22,"15 day ahead cum case",2021-04-06,"GM","Germany","quantile","0.8",3002426.335679
2021-03-22,"16 day ahead cum case",2021-04-07,"GM","Germany","quantile","0.8",3035096.577532
2021-03-22,"17 day ahead cum case",2021-04-08,"GM","Germany","quantile","0.8",3074179.331731
2021-03-22,"18 day ahead cum case",2021-04-09,"GM","Germany","quantile","0.8",3116482.926541
2021-03-22,"19 day ahead cum case",2021-04-10,"GM","Germany","quantile","0.8",3155219.027518
2021-03-22,"20 day ahead cum case",2021-04-11,"GM","Germany","quantile","0.8",3184220.264716
2021-03-22,"21 day ahead cum case",2021-04-12,"GM","Germany","quantile","0.8",3212152.449390
2021-03-22,"22 day ahead cum case",2021-04-13,"GM","Germany","quantile","0.8",3247034.863770
2021-03-22,"23 day ahead cum case",2021-04-14,"GM","Germany","quantile","0.8",3290783.829270
2021-03-22,"24 day ahead cum case",2021-04-15,"GM","Germany","quantile","0.8",3341440.737293
2021-03-22,"25 day ahead cum case",2021-04-16,"GM","Germany","quantile","0.8",3395907.458514
2021-03-22,"26 day ahead cum case",2021-04-17,"GM","Germany","quantile","0.8",3445667.720601
2021-03-22,"27 day ahead cum case",2021-04-18,"GM","Germany","quantile","0.8",3483425.541402
2021-03-22,"28 day ahead cum case",2021-04-19,"GM","Germany","quantile","0.8",3520656.414085
2021-03-22,"29 day ahead cum case",2021-04-20,"GM","Germany","quantile","0.8",3567075.012820
2021-03-22,"30 day ahead cum case",2021-04-21,"GM","Germany","quantile","0.8",3623824.276371
2021-03-22,"1 day ahead cum case",2021-03-23,"GM","Germany","quantile","0.85",2684607.126781
2021-03-22,"2 day ahead cum case",2021-03-24,"GM","Germany","quantile","0.85",2701681.194556
2021-03-22,"3 day ahead cum case",2021-03-25,"GM","Germany","quantile","0.85",2723618.346778
2021-03-22,"4 day ahead cum case",2021-03-26,"GM","Germany","quantile","0.85",2748053.549330
2021-03-22,"5 day ahead cum case",2021-03-27,"GM","Germany","quantile","0.85",2770671.394692
2021-03-22,"6 day ahead cum case",2021-03-28,"GM","Germany","quantile","0.85",2787564.400278
2021-03-22,"7 day ahead cum case",2021-03-29,"GM","Germany","quantile","0.85",2802954.769983
2021-03-22,"8 day ahead cum case",2021-03-30,"GM","Germany","quantile","0.85",2821755.693527
2021-03-22,"9 day ahead cum case",2021-03-31,"GM","Germany","quantile","0.85",2846084.429178
2021-03-22,"10 day ahead cum case",2021-04-01,"GM","Germany","quantile","0.85",2876194.651066
2021-03-22,"11 day ahead cum case",2021-04-02,"GM","Germany","quantile","0.85",2908877.945057
2021-03-22,"12 day ahead cum case",2021-04-03,"GM","Germany","quantile","0.85",2939152.916930
2021-03-22,"13 day ahead cum case",2021-04-04,"GM","Germany","quantile","0.85",2961750.046474
2021-03-22,"14 day ahead cum case",2021-04-05,"GM","Germany","quantile","0.85",2982924.873672
2021-03-22,"15 day ahead cum case",2021-04-06,"GM","Germany","quantile","0.85",3009235.727128
2021-03-22,"16 day ahead cum case",2021-04-07,"GM","Germany","quantile","0.85",3042940.855914
2021-03-22,"17 day ahead cum case",2021-04-08,"GM","Germany","quantile","0.85",3083113.100338
2021-03-22,"18 day ahead cum case",2021-04-09,"GM","Germany","quantile","0.85",3126323.734669
2021-03-22,"19 day ahead cum case",2021-04-10,"GM","Germany","quantile","0.85",3166252.421517
2021-03-22,"20 day ahead cum case",2021-04-11,"GM","Germany","quantile","0.85",3196218.441063
2021-03-22,"21 day ahead cum case",2021-04-12,"GM","Germany","quantile","0.85",3225080.069453
2021-03-22,"22 day ahead cum case",2021-04-13,"GM","Germany","quantile","0.85",3261223.378425
2021-03-22,"23 day ahead cum case",2021-04-14,"GM","Germany","quantile","0.85",3306582.835334
2021-03-22,"24 day ahead cum case",2021-04-15,"GM","Germany","quantile","0.85",3358904.552495
2021-03-22,"25 day ahead cum case",2021-04-16,"GM","Germany","quantile","0.85",3415001.124893
2021-03-22,"26 day ahead cum case",2021-04-17,"GM","Germany","quantile","0.85",3466680.263437
2021-03-22,"27 day ahead cum case",2021-04-18,"GM","Germany","quantile","0.85",3505915.564903
2021-03-22,"28 day ahead cum case",2021-04-19,"GM","Germany","quantile","0.85",3544592.700598
2021-03-22,"29 day ahead cum case",2021-04-20,"GM","Germany","quantile","0.85",3592923.116152
2021-03-22,"30 day ahead cum case",2021-04-21,"GM","Germany","quantile","0.85",3652007.841245
2021-03-22,"1 day ahead cum case",2021-03-23,"GM","Germany","quantile","0.9",2685367.539210
2021-03-22,"2 day ahead cum case",2021-03-24,"GM","Germany","quantile","0.9",2702809.078494
2021-03-22,"3 day ahead cum case",2021-03-25,"GM","Germany","quantile","0.9",2725209.901334
2021-03-22,"4 day ahead cum case",2021-03-26,"GM","Germany","quantile","0.9",2749760.534418
2021-03-22,"5 day ahead cum case",2021-03-27,"GM","Germany","quantile","0.9",2772656.613663
2021-03-22,"6 day ahead cum case",2021-03-28,"GM","Germany","quantile","0.9",2789924.346828
2021-03-22,"7 day ahead cum case",2021-03-29,"GM","Germany","quantile","0.9",2805684.888016
2021-03-22,"8 day ahead cum case",2021-03-30,"GM","Germany","quantile","0.9",2825024.979483
2021-03-22,"9 day ahead cum case",2021-03-31,"GM","Germany","quantile","0.9",2850116.606094
2021-03-22,"10 day ahead cum case",2021-04-01,"GM","Germany","quantile","0.9",2881074.303403
2021-03-22,"11 day ahead cum case",2021-04-02,"GM","Germany","quantile","0.9",2914261.414737
2021-03-22,"12 day ahead cum case",2021-04-03,"GM","Germany","quantile","0.9",2945327.800568
2021-03-22,"13 day ahead cum case",2021-04-04,"GM","Germany","quantile","0.9",2968652.835251
2021-03-22,"14 day ahead cum case",2021-04-05,"GM","Germany","quantile","0.9",2990523.268084
2021-03-22,"15 day ahead cum case",2021-04-06,"GM","Germany","quantile","0.9",3017803.496444
2021-03-22,"16 day ahead cum case",2021-04-07,"GM","Germany","quantile","0.9",3052810.749301
2021-03-22,"17 day ahead cum case",2021-04-08,"GM","Germany","quantile","0.9",3094353.821204
2021-03-22,"18 day ahead cum case",2021-04-09,"GM","Germany","quantile","0.9",3138705.718369
2021-03-22,"19 day ahead cum case",2021-04-10,"GM","Germany","quantile","0.9",3180134.950560
2021-03-22,"20 day ahead cum case",2021-04-11,"GM","Germany","quantile","0.9",3211314.886601
2021-03-22,"21 day ahead cum case",2021-04-12,"GM","Germany","quantile","0.9",3241345.967418
2021-03-22,"22 day ahead cum case",2021-04-13,"GM","Germany","quantile","0.9",3279075.769703
2021-03-22,"23 day ahead cum case",2021-04-14,"GM","Germany","quantile","0.9",3326461.592547
2021-03-22,"24 day ahead cum case",2021-04-15,"GM","Germany","quantile","0.9",3380878.019751
2021-03-22,"25 day ahead cum case",2021-04-16,"GM","Germany","quantile","0.9",3439025.317095
2021-03-22,"26 day ahead cum case",2021-04-17,"GM","Germany","quantile","0.9",3493118.840382
2021-03-22,"27 day ahead cum case",2021-04-18,"GM","Germany","quantile","0.9",3534213.149897
2021-03-22,"28 day ahead cum case",2021-04-19,"GM","Germany","quantile","0.9",3574710.014704
2021-03-22,"29 day ahead cum case",2021-04-20,"GM","Germany","quantile","0.9",3625445.932365
2021-03-22,"30 day ahead cum case",2021-04-21,"GM","Germany","quantile","0.9",3687469.201364
2021-03-22,"1 day ahead cum case",2021-03-23,"GM","Germany","quantile","0.95",2686494.584978
2021-03-22,"2 day ahead cum case",2021-03-24,"GM","Germany","quantile","0.95",2704480.772394
2021-03-22,"3 day ahead cum case",2021-03-25,"GM","Germany","quantile","0.95",2727568.824936
2021-03-22,"4 day ahead cum case",2021-03-26,"GM","Germany","quantile","0.95",2752290.543458
2021-03-22,"5 day ahead cum case",2021-03-27,"GM","Germany","quantile","0.95",2775599.007231
2021-03-22,"6 day ahead cum case",2021-03-28,"GM","Germany","quantile","0.95",2793422.143116
2021-03-22,"7 day ahead cum case",2021-03-29,"GM","Germany","quantile","0.95",2809731.334205
2021-03-22,"8 day ahead cum case",2021-03-30,"GM","Germany","quantile","0.95",2829870.553754
2021-03-22,"9 day ahead cum case",2021-03-31,"GM","Germany","quantile","0.95",2856092.899689
2021-03-22,"10 day ahead cum case",2021-04-01,"GM","Germany","quantile","0.95",2888306.683236
2021-03-22,"11 day ahead cum case",2021-04-02,"GM","Germany","quantile","0.95",2922240.527767
2021-03-22,"12 day ahead cum case",2021-04-03,"GM","Germany","quantile","0.95",2954479.908302
2021-03-22,"13 day ahead cum case",2021-04-04,"GM","Germany","quantile","0.95",2978883.808052
2021-03-22,"14 day ahead cum case",2021-04-05,"GM","Germany","quantile","0.95",3001785.233221
2021-03-22,"15 day ahead cum case",2021-04-06,"GM","Germany","quantile","0.95",3030502.221216
2021-03-22,"16 day ahead cum case",2021-04-07,"GM","Germany","quantile","0.95",3067439.418098
2021-03-22,"17 day ahead cum case",2021-04-08,"GM","Germany","quantile","0.95",3111014.262825
2021-03-22,"18 day ahead cum case",2021-04-09,"GM","Germany","quantile","0.95",3157057.683429
2021-03-22,"19 day ahead cum case",2021-04-10,"GM","Germany","quantile","0.95",3200710.949862
2021-03-22,"20 day ahead cum case",2021-04-11,"GM","Germany","quantile","0.95",3233690.093012
2021-03-22,"21 day ahead cum case",2021-04-12,"GM","Germany","quantile","0.95",3265454.478490
2021-03-22,"22 day ahead cum case",2021-04-13,"GM","Germany","quantile","0.95",3305535.702853
2021-03-22,"23 day ahead cum case",2021-04-14,"GM","Germany","quantile","0.95",3355924.905264
2021-03-22,"24 day ahead cum case",2021-04-15,"GM","Germany","quantile","0.95",3413446.008299
2021-03-22,"25 day ahead cum case",2021-04-16,"GM","Germany","quantile","0.95",3474632.788933
2021-03-22,"26 day ahead cum case",2021-04-17,"GM","Germany","quantile","0.95",3532304.794110
2021-03-22,"27 day ahead cum case",2021-04-18,"GM","Germany","quantile","0.95",3576154.433593
2021-03-22,"28 day ahead cum case",2021-04-19,"GM","Germany","quantile","0.95",3619348.411069
2021-03-22,"29 day ahead cum case",2021-04-20,"GM","Germany","quantile","0.95",3673649.645216
2021-03-22,"30 day ahead cum case",2021-04-21,"GM","Germany","quantile","0.95",3740028.278945
2021-03-22,"1 day ahead cum case",2021-03-23,"GM","Germany","quantile","0.975",2687472.129102
2021-03-22,"2 day ahead cum case",2021-03-24,"GM","Germany","quantile","0.975",2705930.717545
2021-03-22,"3 day ahead cum case",2021-03-25,"GM","Germany","quantile","0.975",2729614.839366
2021-03-22,"4 day ahead cum case",2021-03-26,"GM","Germany","quantile","0.975",2754484.948989
2021-03-22,"5 day ahead cum case",2021-03-27,"GM","Germany","quantile","0.975",2778151.094840
2021-03-22,"6 day ahead cum case",2021-03-28,"GM","Germany","quantile","0.975",2796455.959755
2021-03-22,"7 day ahead cum case",2021-03-29,"GM","Germany","quantile","0.975",2813241.022811
2021-03-22,"8 day ahead cum case",2021-03-30,"GM","Germany","quantile","0.975",2834073.366795
2021-03-22,"9 day ahead cum case",2021-03-31,"GM","Germany","quantile","0.975",2861276.443115
2021-03-22,"10 day ahead cum case",2021-04-01,"GM","Germany","quantile","0.975",2894579.694147
2021-03-22,"11 day ahead cum case",2021-04-02,"GM","Germany","quantile","0.975",2929161.218364
2021-03-22,"12 day ahead cum case",2021-04-03,"GM","Germany","quantile","0.975",2962417.996871
2021-03-22,"13 day ahead cum case",2021-04-04,"GM","Germany","quantile","0.975",2987757.651171
2021-03-22,"14 day ahead cum case",2021-04-05,"GM","Germany","quantile","0.975",3011553.308436
2021-03-22,"15 day ahead cum case",2021-04-06,"GM","Germany","quantile","0.975",3041516.471145
2021-03-22,"16 day ahead cum case",2021-04-07,"GM","Germany","quantile","0.975",3080127.606647
2021-03-22,"17 day ahead cum case",2021-04-08,"GM","Germany","quantile","0.975",3125464.711294
2021-03-22,"18 day ahead cum case",2021-04-09,"GM","Germany","quantile","0.975",3172975.276218
2021-03-22,"19 day ahead cum case",2021-04-10,"GM","Germany","quantile","0.975",3218557.560675
2021-03-22,"20 day ahead cum case",2021-04-11,"GM","Germany","quantile","0.975",3253097.247669
2021-03-22,"21 day ahead cum case",2021-04-12,"GM","Germany","quantile","0.975",3286365.016447
2021-03-22,"22 day ahead cum case",2021-04-13,"GM","Germany","quantile","0.975",3328485.748786
2021-03-22,"23 day ahead cum case",2021-04-14,"GM","Germany","quantile","0.975",3381479.935065
2021-03-22,"24 day ahead cum case",2021-04-15,"GM","Germany","quantile","0.975",3441693.881371
2021-03-22,"25 day ahead cum case",2021-04-16,"GM","Germany","quantile","0.975",3505516.960468
2021-03-22,"26 day ahead cum case",2021-04-17,"GM","Germany","quantile","0.975",3566292.765012
2021-03-22,"27 day ahead cum case",2021-04-18,"GM","Germany","quantile","0.975",3612532.242329
2021-03-22,"28 day ahead cum case",2021-04-19,"GM","Germany","quantile","0.975",3658065.562813
2021-03-22,"29 day ahead cum case",2021-04-20,"GM","Germany","quantile","0.975",3715459.177303
2021-03-22,"30 day ahead cum case",2021-04-21,"GM","Germany","quantile","0.975",3785615.440403
2021-03-22,"1 day ahead cum case",2021-03-23,"GM","Germany","quantile","0.99",2688608.735403
2021-03-22,"2 day ahead cum case",2021-03-24,"GM","Germany","quantile","0.99",2707616.592133
2021-03-22,"3 day ahead cum case",2021-03-25,"GM","Germany","quantile","0.99",2731993.773306
2021-03-22,"4 day ahead cum case",2021-03-26,"GM","Germany","quantile","0.99",2757036.419655
2021-03-22,"5 day ahead cum case",2021-03-27,"GM","Germany","quantile","0.99",2781118.448220
2021-03-22,"6 day ahead cum case",2021-03-28,"GM","Germany","quantile","0.99",2799983.427240
2021-03-22,"7 day ahead cum case",2021-03-29,"GM","Germany","quantile","0.99",2817321.794298
2021-03-22,"8 day ahead cum case",2021-03-30,"GM","Germany","quantile","0.99",2838960.045228
2021-03-22,"9 day ahead cum case",2021-03-31,"GM","Germany","quantile","0.99",2867303.432568
2021-03-22,"10 day ahead cum case",2021-04-01,"GM","Germany","quantile","0.99",2901873.424998
2021-03-22,"11 day ahead cum case",2021-04-02,"GM","Germany","quantile","0.99",2937208.016819
2021-03-22,"12 day ahead cum case",2021-04-03,"GM","Germany","quantile","0.99",2971647.740341
2021-03-22,"13 day ahead cum case",2021-04-04,"GM","Germany","quantile","0.99",2998075.411532
2021-03-22,"14 day ahead cum case",2021-04-05,"GM","Germany","quantile","0.99",3022910.806862
2021-03-22,"15 day ahead cum case",2021-04-06,"GM","Germany","quantile","0.99",3054322.916987
2021-03-22,"16 day ahead cum case",2021-04-07,"GM","Germany","quantile","0.99",3094880.367892
2021-03-22,"17 day ahead cum case",2021-04-08,"GM","Germany","quantile","0.99",3142266.480538
2021-03-22,"18 day ahead cum case",2021-04-09,"GM","Germany","quantile","0.99",3191482.917801
2021-03-22,"19 day ahead cum case",2021-04-10,"GM","Germany","quantile","0.99",3239308.102594
2021-03-22,"20 day ahead cum case",2021-04-11,"GM","Germany","quantile","0.99",3275662.259058
2021-03-22,"21 day ahead cum case",2021-04-12,"GM","Germany","quantile","0.99",3310678.035819
2021-03-22,"22 day ahead cum case",2021-04-13,"GM","Germany","quantile","0.99",3355170.136940
2021-03-22,"23 day ahead cum case",2021-04-14,"GM","Germany","quantile","0.99",3411193.179931
2021-03-22,"24 day ahead cum case",2021-04-15,"GM","Germany","quantile","0.99",3474538.138492
2021-03-22,"25 day ahead cum case",2021-04-16,"GM","Germany","quantile","0.99",3541426.484285
2021-03-22,"26 day ahead cum case",2021-04-17,"GM","Germany","quantile","0.99",3605811.126359
2021-03-22,"27 day ahead cum case",2021-04-18,"GM","Germany","quantile","0.99",3654829.306628
2021-03-22,"28 day ahead cum case",2021-04-19,"GM","Germany","quantile","0.99",3703082.618917
2021-03-22,"29 day ahead cum case",2021-04-20,"GM","Germany","quantile","0.99",3764071.793852
2021-03-22,"30 day ahead cum case",2021-04-21,"GM","Germany","quantile","0.99",3838620.367482
2021-03-22,"1 wk ahead inc case",2021-03-27,"GM","Germany","point",NA,115596.254048
2021-03-22,"2 wk ahead inc case",2021-04-03,"GM","Germany","point",NA,150766.359610
2021-03-22,"3 wk ahead inc case",2021-04-10,"GM","Germany","point",NA,194509.261051
2021-03-22,"4 wk ahead inc case",2021-04-17,"GM","Germany","point",NA,247337.094045
2021-03-22,"1 wk ahead inc case",2021-03-27,"GM","Germany","quantile","0.01",96503.153076
2021-03-22,"2 wk ahead inc case",2021-04-03,"GM","Germany","quantile","0.01",89208.025991
2021-03-22,"3 wk ahead inc case",2021-04-10,"GM","Germany","quantile","0.01",50308.465548
2021-03-22,"4 wk ahead inc case",2021-04-17,"GM","Germany","quantile","0.01",-36072.218841
2021-03-22,"1 wk ahead inc case",2021-03-27,"GM","Germany","quantile","0.025",99510.185977
2021-03-22,"2 wk ahead inc case",2021-04-03,"GM","Germany","quantile","0.025",98903.042783
2021-03-22,"3 wk ahead inc case",2021-04-10,"GM","Germany","quantile","0.025",73019.105223
2021-03-22,"4 wk ahead inc case",2021-04-17,"GM","Germany","quantile","0.025",8562.810827
2021-03-22,"1 wk ahead inc case",2021-03-27,"GM","Germany","quantile","0.05",102096.400163
2021-03-22,"2 wk ahead inc case",2021-04-03,"GM","Germany","quantile","0.05",107241.292077
2021-03-22,"3 wk ahead inc case",2021-04-10,"GM","Germany","quantile","0.05",92551.508240
2021-03-22,"4 wk ahead inc case",2021-04-17,"GM","Germany","quantile","0.05",46951.398761
2021-03-22,"1 wk ahead inc case",2021-03-27,"GM","Germany","quantile","0.1",105078.139489
2021-03-22,"2 wk ahead inc case",2021-04-03,"GM","Germany","quantile","0.1",116854.759500
2021-03-22,"3 wk ahead inc case",2021-04-10,"GM","Germany","quantile","0.1",115071.117989
2021-03-22,"4 wk ahead inc case",2021-04-17,"GM","Germany","quantile","0.1",91210.982094
2021-03-22,"1 wk ahead inc case",2021-03-27,"GM","Germany","quantile","0.15",107089.904857
2021-03-22,"2 wk ahead inc case",2021-04-03,"GM","Germany","quantile","0.15",123340.920329
2021-03-22,"3 wk ahead inc case",2021-04-10,"GM","Germany","quantile","0.15",130264.991774
2021-03-22,"4 wk ahead inc case",2021-04-17,"GM","Germany","quantile","0.15",121072.712847
2021-03-22,"1 wk ahead inc case",2021-03-27,"GM","Germany","quantile","0.2",108688.792196
2021-03-22,"2 wk ahead inc case",2021-04-03,"GM","Germany","quantile","0.2",128495.915342
2021-03-22,"3 wk ahead inc case",2021-04-10,"GM","Germany","quantile","0.2",142340.601003
2021-03-22,"4 wk ahead inc case",2021-04-17,"GM","Germany","quantile","0.2",144805.869812
2021-03-22,"1 wk ahead inc case",2021-03-27,"GM","Germany","quantile","0.25",110060.495166
2021-03-22,"2 wk ahead inc case",2021-04-03,"GM","Germany","quantile","0.25",132918.442053
2021-03-22,"3 wk ahead inc case",2021-04-10,"GM","Germany","quantile","0.25",152700.398489
2021-03-22,"4 wk ahead inc case",2021-04-17,"GM","Germany","quantile","0.25",165166.805248
2021-03-22,"1 wk ahead inc case",2021-03-27,"GM","Germany","quantile","0.3",111292.326827
2021-03-22,"2 wk ahead inc case",2021-04-03,"GM","Germany","quantile","0.3",136890.007723
2021-03-22,"3 wk ahead inc case",2021-04-10,"GM","Germany","quantile","0.3",162003.816814
2021-03-22,"4 wk ahead inc case",2021-04-17,"GM","Germany","quantile","0.3",183451.554551
2021-03-22,"1 wk ahead inc case",2021-03-27,"GM","Germany","quantile","0.35",112433.802441
2021-03-22,"2 wk ahead inc case",2021-04-03,"GM","Germany","quantile","0.35",140570.255198
2021-03-22,"3 wk ahead inc case",2021-04-10,"GM","Germany","quantile","0.35",170624.820379
2021-03-22,"4 wk ahead inc case",2021-04-17,"GM","Germany","quantile","0.35",200395.099753
2021-03-22,"1 wk ahead inc case",2021-03-27,"GM","Germany","quantile","0.4",113516.951173
2021-03-22,"2 wk ahead inc case",2021-04-03,"GM","Germany","quantile","0.4",144062.450160
2021-03-22,"3 wk ahead inc case",2021-04-10,"GM","Germany","quantile","0.4",178805.309712
2021-03-22,"4 wk ahead inc case",2021-04-17,"GM","Germany","quantile","0.4",216472.867236
2021-03-22,"1 wk ahead inc case",2021-03-27,"GM","Germany","quantile","0.45",114564.910107
2021-03-22,"2 wk ahead inc case",2021-04-03,"GM","Germany","quantile","0.45",147441.189200
2021-03-22,"3 wk ahead inc case",2021-04-10,"GM","Germany","quantile","0.45",186720.027814
2021-03-22,"4 wk ahead inc case",2021-04-17,"GM","Germany","quantile","0.45",232028.293342
2021-03-22,"1 wk ahead inc case",2021-03-27,"GM","Germany","quantile","0.5",115596.254048
2021-03-22,"2 wk ahead inc case",2021-04-03,"GM","Germany","quantile","0.5",150766.359610
2021-03-22,"3 wk ahead inc case",2021-04-10,"GM","Germany","quantile","0.5",194509.261051
2021-03-22,"4 wk ahead inc case",2021-04-17,"GM","Germany","quantile","0.5",247337.094045
2021-03-22,"1 wk ahead inc case",2021-03-27,"GM","Germany","quantile","0.55",116627.597988
2021-03-22,"2 wk ahead inc case",2021-04-03,"GM","Germany","quantile","0.55",154091.530019
2021-03-22,"3 wk ahead inc case",2021-04-10,"GM","Germany","quantile","0.55",202298.494287
2021-03-22,"4 wk ahead inc case",2021-04-17,"GM","Germany","quantile","0.55",262645.894748
2021-03-22,"1 wk ahead inc case",2021-03-27,"GM","Germany","quantile","0.6",117675.556922
2021-03-22,"2 wk ahead inc case",2021-04-03,"GM","Germany","quantile","0.6",157470.269059
2021-03-22,"3 wk ahead inc case",2021-04-10,"GM","Germany","quantile","0.6",210213.212389
2021-03-22,"4 wk ahead inc case",2021-04-17,"GM","Germany","quantile","0.6",278201.320854
2021-03-22,"1 wk ahead inc case",2021-03-27,"GM","Germany","quantile","0.65",118758.705654
2021-03-22,"2 wk ahead inc case",2021-04-03,"GM","Germany","quantile","0.65",160962.464021
2021-03-22,"3 wk ahead inc case",2021-04-10,"GM","Germany","quantile","0.65",218393.701722
2021-03-22,"4 wk ahead inc case",2021-04-17,"GM","Germany","quantile","0.65",294279.088337
2021-03-22,"1 wk ahead inc case",2021-03-27,"GM","Germany","quantile","0.7",119900.181268
2021-03-22,"2 wk ahead inc case",2021-04-03,"GM","Germany","quantile","0.7",164642.711496
2021-03-22,"3 wk ahead inc case",2021-04-10,"GM","Germany","quantile","0.7",227014.705287
2021-03-22,"4 wk ahead inc case",2021-04-17,"GM","Germany","quantile","0.7",311222.633539
2021-03-22,"1 wk ahead inc case",2021-03-27,"GM","Germany","quantile","0.75",121132.012929
2021-03-22,"2 wk ahead inc case",2021-04-03,"GM","Germany","quantile","0.75",168614.277167
2021-03-22,"3 wk ahead inc case",2021-04-10,"GM","Germany","quantile","0.75",236318.123613
2021-03-22,"4 wk ahead inc case",2021-04-17,"GM","Germany","quantile","0.75",329507.382842
2021-03-22,"1 wk ahead inc case",2021-03-27,"GM","Germany","quantile","0.8",122503.715899
2021-03-22,"2 wk ahead inc case",2021-04-03,"GM","Germany","quantile","0.8",173036.803877
2021-03-22,"3 wk ahead inc case",2021-04-10,"GM","Germany","quantile","0.8",246677.921098
2021-03-22,"4 wk ahead inc case",2021-04-17,"GM","Germany","quantile","0.8",349868.318278
2021-03-22,"1 wk ahead inc case",2021-03-27,"GM","Germany","quantile","0.85",124102.603239
2021-03-22,"2 wk ahead inc case",2021-04-03,"GM","Germany","quantile","0.85",178191.798890
2021-03-22,"3 wk ahead inc case",2021-04-10,"GM","Germany","quantile","0.85",258753.530327
2021-03-22,"4 wk ahead inc case",2021-04-17,"GM","Germany","quantile","0.85",373601.475243
2021-03-22,"1 wk ahead inc case",2021-03-27,"GM","Germany","quantile","0.9",126114.368606
2021-03-22,"2 wk ahead inc case",2021-04-03,"GM","Germany","quantile","0.9",184677.959719
2021-03-22,"3 wk ahead inc case",2021-04-10,"GM","Germany","quantile","0.9",273947.404112
2021-03-22,"4 wk ahead inc case",2021-04-17,"GM","Germany","quantile","0.9",403463.205996
2021-03-22,"1 wk ahead inc case",2021-03-27,"GM","Germany","quantile","0.95",129096.107932
2021-03-22,"2 wk ahead inc case",2021-04-03,"GM","Germany","quantile","0.95",194291.427142
2021-03-22,"3 wk ahead inc case",2021-04-10,"GM","Germany","quantile","0.95",296467.013861
2021-03-22,"4 wk ahead inc case",2021-04-17,"GM","Germany","quantile","0.95",447722.789329
2021-03-22,"1 wk ahead inc case",2021-03-27,"GM","Germany","quantile","0.975",131682.322119
2021-03-22,"2 wk ahead inc case",2021-04-03,"GM","Germany","quantile","0.975",202629.676436
2021-03-22,"3 wk ahead inc case",2021-04-10,"GM","Germany","quantile","0.975",315999.416879
2021-03-22,"4 wk ahead inc case",2021-04-17,"GM","Germany","quantile","0.975",486111.377263
2021-03-22,"1 wk ahead inc case",2021-03-27,"GM","Germany","quantile","0.99",134689.355020
2021-03-22,"2 wk ahead inc case",2021-04-03,"GM","Germany","quantile","0.99",212324.693228
2021-03-22,"3 wk ahead inc case",2021-04-10,"GM","Germany","quantile","0.99",338710.056554
2021-03-22,"4 wk ahead inc case",2021-04-17,"GM","Germany","quantile","0.99",530746.406931
2021-03-22,"1 wk ahead cum case",2021-03-27,"GM","Germany","point",NA,2762277.291650
2021-03-22,"2 wk ahead cum case",2021-04-03,"GM","Germany","point",NA,2913043.651260
2021-03-22,"3 wk ahead cum case",2021-04-10,"GM","Germany","point",NA,3107552.912310
2021-03-22,"4 wk ahead cum case",2021-04-17,"GM","Germany","point",NA,3354890.006355
2021-03-22,"1 wk ahead cum case",2021-03-27,"GM","Germany","quantile","0.01",2743436.135081
2021-03-22,"2 wk ahead cum case",2021-04-03,"GM","Germany","quantile","0.01",2854439.562179
2021-03-22,"3 wk ahead cum case",2021-04-10,"GM","Germany","quantile","0.01",2975797.722027
2021-03-22,"4 wk ahead cum case",2021-04-17,"GM","Germany","quantile","0.01",3103968.886352
2021-03-22,"1 wk ahead cum case",2021-03-27,"GM","Germany","quantile","0.025",2746403.488461
2021-03-22,"2 wk ahead cum case",2021-04-03,"GM","Germany","quantile","0.025",2863669.305648
2021-03-22,"3 wk ahead cum case",2021-04-10,"GM","Germany","quantile","0.025",2996548.263946
2021-03-22,"4 wk ahead cum case",2021-04-17,"GM","Germany","quantile","0.025",3143487.247699
2021-03-22,"1 wk ahead cum case",2021-03-27,"GM","Germany","quantile","0.05",2748955.576070
2021-03-22,"2 wk ahead cum case",2021-04-03,"GM","Germany","quantile","0.05",2871607.394217
2021-03-22,"3 wk ahead cum case",2021-04-10,"GM","Germany","quantile","0.05",3014394.874759
2021-03-22,"4 wk ahead cum case",2021-04-17,"GM","Germany","quantile","0.05",3177475.218601
2021-03-22,"1 wk ahead cum case",2021-03-27,"GM","Germany","quantile","0.1",2751897.969638
2021-03-22,"2 wk ahead cum case",2021-04-03,"GM","Germany","quantile","0.1",2880759.501951
2021-03-22,"3 wk ahead cum case",2021-04-10,"GM","Germany","quantile","0.1",3034970.874060
2021-03-22,"4 wk ahead cum case",2021-04-17,"GM","Germany","quantile","0.1",3216661.172329
2021-03-22,"1 wk ahead cum case",2021-03-27,"GM","Germany","quantile","0.15",2753883.188609
2021-03-22,"2 wk ahead cum case",2021-04-03,"GM","Germany","quantile","0.15",2886934.385590
2021-03-22,"3 wk ahead cum case",2021-04-10,"GM","Germany","quantile","0.15",3048853.403104
2021-03-22,"4 wk ahead cum case",2021-04-17,"GM","Germany","quantile","0.15",3243099.749274
2021-03-22,"1 wk ahead cum case",2021-03-27,"GM","Germany","quantile","0.2",2755460.977714
2021-03-22,"2 wk ahead cum case",2021-04-03,"GM","Germany","quantile","0.2",2891841.987358
2021-03-22,"3 wk ahead cum case",2021-04-10,"GM","Germany","quantile","0.2",3059886.797103
2021-03-22,"4 wk ahead cum case",2021-04-17,"GM","Germany","quantile","0.2",3264112.292109
2021-03-22,"1 wk ahead cum case",2021-03-27,"GM","Germany","quantile","0.25",2756814.580278
2021-03-22,"2 wk ahead cum case",2021-04-03,"GM","Germany","quantile","0.25",2896052.272693
2021-03-22,"3 wk ahead cum case",2021-04-10,"GM","Germany","quantile","0.25",3069352.466722
2021-03-22,"4 wk ahead cum case",2021-04-17,"GM","Germany","quantile","0.25",3282139.182870
2021-03-22,"1 wk ahead cum case",2021-03-27,"GM","Germany","quantile","0.3",2758030.157215
2021-03-22,"2 wk ahead cum case",2021-04-03,"GM","Germany","quantile","0.3",2899833.239049
2021-03-22,"3 wk ahead cum case",2021-04-10,"GM","Germany","quantile","0.3",3077852.930589
2021-03-22,"4 wk ahead cum case",2021-04-17,"GM","Germany","quantile","0.3",3298327.887918
2021-03-22,"1 wk ahead cum case",2021-03-27,"GM","Germany","quantile","0.35",2759156.570404
2021-03-22,"2 wk ahead cum case",2021-04-03,"GM","Germany","quantile","0.35",2903336.867855
2021-03-22,"3 wk ahead cum case",2021-04-10,"GM","Germany","quantile","0.35",3085729.877184
2021-03-22,"4 wk ahead cum case",2021-04-17,"GM","Germany","quantile","0.35",3313329.135744
2021-03-22,"1 wk ahead cum case",2021-03-27,"GM","Germany","quantile","0.4",2760225.426368
2021-03-22,"2 wk ahead cum case",2021-04-03,"GM","Germany","quantile","0.4",2906661.468970
2021-03-22,"3 wk ahead cum case",2021-04-10,"GM","Germany","quantile","0.4",3093204.329214
2021-03-22,"4 wk ahead cum case",2021-04-17,"GM","Germany","quantile","0.4",3327563.852955
2021-03-22,"1 wk ahead cum case",2021-03-27,"GM","Germany","quantile","0.45",2761259.556884
2021-03-22,"2 wk ahead cum case",2021-04-03,"GM","Germany","quantile","0.45",2909878.059025
2021-03-22,"3 wk ahead cum case",2021-04-10,"GM","Germany","quantile","0.45",3100435.948055
2021-03-22,"4 wk ahead cum case",2021-04-17,"GM","Germany","quantile","0.45",3341336.106594
2021-03-22,"1 wk ahead cum case",2021-03-27,"GM","Germany","quantile","0.5",2762277.291650
2021-03-22,"2 wk ahead cum case",2021-04-03,"GM","Germany","quantile","0.5",2913043.651260
2021-03-22,"3 wk ahead cum case",2021-04-10,"GM","Germany","quantile","0.5",3107552.912310
2021-03-22,"4 wk ahead cum case",2021-04-17,"GM","Germany","quantile","0.5",3354890.006355
2021-03-22,"1 wk ahead cum case",2021-03-27,"GM","Germany","quantile","0.55",2763295.026417
2021-03-22,"2 wk ahead cum case",2021-04-03,"GM","Germany","quantile","0.55",2916209.243494
2021-03-22,"3 wk ahead cum case",2021-04-10,"GM","Germany","quantile","0.55",3114669.876566
2021-03-22,"4 wk ahead cum case",2021-04-17,"GM","Germany","quantile","0.55",3368443.906116
2021-03-22,"1 wk ahead cum case",2021-03-27,"GM","Germany","quantile","0.6",2764329.156932
2021-03-22,"2 wk ahead cum case",2021-04-03,"GM","Germany","quantile","0.6",2919425.833549
2021-03-22,"3 wk ahead cum case",2021-04-10,"GM","Germany","quantile","0.6",3121901.495407
2021-03-22,"4 wk ahead cum case",2021-04-17,"GM","Germany","quantile","0.6",3382216.159756
2021-03-22,"1 wk ahead cum case",2021-03-27,"GM","Germany","quantile","0.65",2765398.012897
2021-03-22,"2 wk ahead cum case",2021-04-03,"GM","Germany","quantile","0.65",2922750.434665
2021-03-22,"3 wk ahead cum case",2021-04-10,"GM","Germany","quantile","0.65",3129375.947437
2021-03-22,"4 wk ahead cum case",2021-04-17,"GM","Germany","quantile","0.65",3396450.876967
2021-03-22,"1 wk ahead cum case",2021-03-27,"GM","Germany","quantile","0.7",2766524.426086
2021-03-22,"2 wk ahead cum case",2021-04-03,"GM","Germany","quantile","0.7",2926254.063470
2021-03-22,"3 wk ahead cum case",2021-04-10,"GM","Germany","quantile","0.7",3137252.894032
2021-03-22,"4 wk ahead cum case",2021-04-17,"GM","Germany","quantile","0.7",3411452.124793
2021-03-22,"1 wk ahead cum case",2021-03-27,"GM","Germany","quantile","0.75",2767740.003023
2021-03-22,"2 wk ahead cum case",2021-04-03,"GM","Germany","quantile","0.75",2930035.029826
2021-03-22,"3 wk ahead cum case",2021-04-10,"GM","Germany","quantile","0.75",3145753.357899
2021-03-22,"4 wk ahead cum case",2021-04-17,"GM","Germany","quantile","0.75",3427640.829841
2021-03-22,"1 wk ahead cum case",2021-03-27,"GM","Germany","quantile","0.8",2769093.605586
2021-03-22,"2 wk ahead cum case",2021-04-03,"GM","Germany","quantile","0.8",2934245.315162
2021-03-22,"3 wk ahead cum case",2021-04-10,"GM","Germany","quantile","0.8",3155219.027518
2021-03-22,"4 wk ahead cum case",2021-04-17,"GM","Germany","quantile","0.8",3445667.720601
2021-03-22,"1 wk ahead cum case",2021-03-27,"GM","Germany","quantile","0.85",2770671.394692
2021-03-22,"2 wk ahead cum case",2021-04-03,"GM","Germany","quantile","0.85",2939152.916930
2021-03-22,"3 wk ahead cum case",2021-04-10,"GM","Germany","quantile","0.85",3166252.421517
2021-03-22,"4 wk ahead cum case",2021-04-17,"GM","Germany","quantile","0.85",3466680.263437
2021-03-22,"1 wk ahead cum case",2021-03-27,"GM","Germany","quantile","0.9",2772656.613663
2021-03-22,"2 wk ahead cum case",2021-04-03,"GM","Germany","quantile","0.9",2945327.800568
2021-03-22,"3 wk ahead cum case",2021-04-10,"GM","Germany","quantile","0.9",3180134.950560
2021-03-22,"4 wk ahead cum case",2021-04-17,"GM","Germany","quantile","0.9",3493118.840382
2021-03-22,"1 wk ahead cum case",2021-03-27,"GM","Germany","quantile","0.95",2775599.007231
2021-03-22,"2 wk ahead cum case",2021-04-03,"GM","Germany","quantile","0.95",2954479.908302
2021-03-22,"3 wk ahead cum case",2021-04-10,"GM","Germany","quantile","0.95",3200710.949862
2021-03-22,"4 wk ahead cum case",2021-04-17,"GM","Germany","quantile","0.95",3532304.794110
2021-03-22,"1 wk ahead cum case",2021-03-27,"GM","Germany","quantile","0.975",2778151.094840
2021-03-22,"2 wk ahead cum case",2021-04-03,"GM","Germany","quantile","0.975",2962417.996871
2021-03-22,"3 wk ahead cum case",2021-04-10,"GM","Germany","quantile","0.975",3218557.560675
2021-03-22,"4 wk ahead cum case",2021-04-17,"GM","Germany","quantile","0.975",3566292.765012
2021-03-22,"1 wk ahead cum case",2021-03-27,"GM","Germany","quantile","0.99",2781118.448220
2021-03-22,"2 wk ahead cum case",2021-04-03,"GM","Germany","quantile","0.99",2971647.740341
2021-03-22,"3 wk ahead cum case",2021-04-10,"GM","Germany","quantile","0.99",3239308.102594
2021-03-22,"4 wk ahead cum case",2021-04-17,"GM","Germany","quantile","0.99",3605811.126359
